x1,x2,x3,x4,x5,x6,x7,x8,x9,x10,x11,x23,x24
0.510848105,0.538799047,0.556344271,0.5731318,0.463666916,0.445807368,0.430603623,0.603595495,0.407653123,0.550748229,0.480424434,0.341013074,0.602424145
0.510828495,0.539296567,0.556925356,0.573756516,0.465914428,0.44780162,0.432727367,0.604306281,0.409431547,0.550943792,0.480475515,0.337613642,0.603313982
0.510666072,0.539290905,0.556905568,0.57370019,0.467853576,0.44952786,0.434126109,0.604298174,0.410990238,0.550919414,0.479446381,0.339270383,0.604170322
0.510511339,0.539122999,0.556754053,0.573499203,0.469166011,0.450824708,0.435196996,0.604292691,0.411986828,0.551272929,0.479293257,0.341147393,0.609416604
0.510122418,0.539008319,0.556609035,0.573243141,0.469106495,0.450801641,0.435110956,0.604000807,0.411625892,0.551588953,0.477790475,0.340936154,0.610500276
0.506395817,0.537103474,0.554557562,0.570020974,0.466923147,0.448444813,0.432379156,0.601946056,0.409851074,0.549924314,0.472431451,0.337367743,0.611435354
0.503235281,0.534060121,0.551639855,0.56662482,0.465317428,0.446924657,0.430444539,0.597397804,0.405063331,0.547251701,0.469136506,0.334644765,0.609685838
0.497502357,0.530964136,0.54890734,0.564065874,0.462493628,0.443844289,0.427008241,0.595420122,0.401107669,0.542085052,0.464161307,0.333104819,0.603279293
0.495358825,0.529750526,0.547581971,0.562999308,0.461270064,0.442504525,0.425488114,0.593776882,0.398408026,0.53892374,0.461933315,0.326186061,0.597162604
0.49509868,0.529805243,0.547515392,0.563141525,0.460678965,0.441290736,0.423906237,0.593434095,0.395965189,0.538499355,0.461063832,0.326916903,0.596019328
0.498252481,0.532330453,0.549784601,0.566024125,0.465645611,0.445850968,0.429594725,0.595706403,0.40017274,0.538718939,0.463749141,0.341153502,0.596555293
0.510774374,0.54190594,0.560574472,0.578332365,0.478922337,0.457193196,0.441064835,0.607631207,0.417362899,0.546144247,0.471550733,0.370689869,0.603521943
0.532539546,0.560264289,0.578664064,0.595226705,0.501188159,0.47736457,0.456791371,0.616660058,0.429253668,0.570820868,0.497760326,0.409005046,0.611379802
0.540221632,0.566013873,0.585311711,0.60211885,0.505430758,0.481124312,0.459985703,0.621756077,0.429389268,0.583991051,0.504527509,0.423592567,0.617139995
0.544949651,0.569634199,0.588703215,0.605390251,0.507664263,0.482877553,0.462153554,0.625776708,0.433945745,0.591930807,0.511274278,0.420225114,0.628233194
0.556436181,0.579747617,0.59850508,0.614576876,0.517851412,0.491744906,0.468942344,0.633374691,0.437362283,0.60305357,0.520664394,0.427780628,0.633810341
0.560855329,0.587759733,0.606810391,0.622846484,0.524197042,0.49805215,0.474479198,0.643306971,0.440703481,0.605870306,0.524282455,0.434970409,0.636084497
0.568989754,0.595182657,0.615414798,0.6319291,0.529659331,0.504057288,0.48060596,0.655513883,0.446610183,0.616021693,0.533923149,0.439835817,0.640060663
0.578205824,0.606208563,0.626542151,0.642577827,0.54092896,0.516529143,0.493420035,0.662424445,0.454401523,0.622325182,0.542280853,0.435009837,0.640492201
0.574612379,0.604872644,0.625701964,0.642653525,0.537835836,0.51314801,0.491549879,0.664323092,0.457336813,0.617838562,0.539440274,0.429722339,0.638682067
0.573690295,0.606168032,0.627213717,0.644304991,0.53829658,0.514062881,0.493574232,0.667119086,0.462042332,0.615347445,0.538036346,0.427046031,0.638432443
0.570283473,0.602858365,0.624333143,0.642716229,0.534565449,0.5107584,0.491234183,0.669086635,0.463042289,0.612350106,0.534715116,0.426350802,0.638525069
0.572437465,0.60374248,0.625745773,0.645391583,0.535304606,0.511607885,0.492701918,0.672344267,0.466204375,0.613078356,0.5370453,0.42677623,0.637894869
0.58074075,0.606370211,0.626906335,0.645962298,0.542715847,0.518151462,0.498366177,0.670323908,0.469658464,0.617338419,0.548609495,0.426684022,0.637833059
0.587314487,0.60967499,0.630912244,0.650817394,0.546607256,0.522444487,0.502893686,0.673358381,0.475063533,0.626467228,0.557265699,0.428591758,0.637545049
0.591719389,0.614157021,0.635833263,0.654870689,0.551937044,0.528963506,0.509719908,0.674702704,0.479405999,0.633998692,0.560308993,0.428331494,0.638590455
0.593020022,0.615245104,0.636483729,0.655075669,0.554606855,0.531963408,0.512086451,0.674327612,0.480203837,0.634872794,0.562126577,0.428328156,0.640265822
0.591476023,0.613641679,0.634592414,0.653109491,0.552134275,0.528988242,0.509213984,0.67396301,0.479333133,0.63187176,0.558887839,0.422964126,0.640400171
0.580133498,0.607693732,0.628427148,0.645586133,0.534718752,0.512008548,0.494021505,0.657420814,0.468788058,0.617398977,0.545298815,0.416439891,0.633250773
0.554688632,0.578196228,0.598205209,0.614780903,0.508462846,0.4896065,0.473622233,0.639555514,0.452721506,0.59618032,0.523895681,0.406085491,0.628684223
0.542473733,0.56731987,0.58745265,0.603940725,0.497756839,0.479049951,0.462871253,0.625372529,0.439794272,0.585047245,0.513269484,0.399035543,0.618167043
0.527029693,0.552817523,0.575257719,0.592689574,0.482839227,0.464795947,0.448953509,0.613866508,0.427655667,0.572520494,0.501867235,0.396703809,0.607062399
0.520258486,0.544852853,0.566983819,0.584390521,0.477798373,0.459415406,0.442966938,0.60540843,0.420925021,0.56566745,0.496020913,0.397804379,0.598485708
0.509425879,0.534674406,0.559467375,0.578255236,0.46317178,0.445066541,0.429836631,0.597733259,0.412955642,0.558598936,0.48676911,0.412633866,0.592668951
0.501929045,0.526724279,0.551669717,0.571326196,0.457277805,0.438629925,0.423153043,0.591486096,0.406276703,0.55068171,0.481412917,0.446479052,0.590253115
0.485015005,0.496141165,0.533087969,0.555858314,0.437397093,0.420491666,0.407025337,0.57601285,0.39749366,0.538737595,0.470141202,0.470714182,0.591231883
0.478389621,0.498401254,0.528155863,0.54951942,0.429007351,0.411461234,0.397784531,0.572325349,0.393066227,0.535829306,0.463015646,0.472651601,0.589800894
0.47687453,0.499375224,0.527128398,0.547130167,0.425584108,0.407713592,0.394006521,0.570852995,0.389973193,0.534773886,0.459660441,0.47024411,0.586039305
0.481868833,0.504717827,0.529569685,0.547528982,0.43239224,0.413471252,0.398438483,0.567626655,0.389770299,0.535063744,0.462622821,0.474070042,0.583637178
0.47969076,0.503350019,0.527106285,0.544870257,0.433160394,0.414630681,0.399751574,0.566149294,0.389705271,0.53229934,0.46103543,0.478722185,0.581303656
0.483353883,0.506686926,0.529728472,0.547376335,0.437688321,0.418998063,0.403817266,0.569516361,0.391414523,0.533538342,0.463314563,0.483664006,0.58080554
0.485071361,0.507304072,0.532557309,0.550082624,0.439025968,0.420768708,0.405897349,0.57186836,0.392598927,0.535199225,0.465459317,0.483185023,0.580639124
0.507140815,0.525889397,0.542879999,0.557056129,0.45938319,0.437295258,0.419667244,0.57309109,0.395236403,0.540214777,0.479366094,0.482736081,0.58078903
0.515302718,0.535100222,0.549262762,0.562645614,0.471679419,0.449154645,0.430848897,0.57945931,0.400033563,0.543269694,0.484904766,0.481833726,0.581148267
0.520143986,0.539690256,0.553237736,0.566648245,0.476782024,0.454406172,0.436534286,0.585617185,0.404627979,0.54599309,0.487822711,0.480737567,0.581465781
0.524084985,0.541924179,0.556516111,0.570969343,0.479937851,0.457980722,0.440027982,0.588952482,0.407804012,0.550349772,0.492312551,0.480394363,0.581782341
0.522526205,0.541521728,0.557014942,0.572529078,0.480020523,0.459106803,0.441527486,0.590114057,0.40940246,0.550408483,0.491491586,0.473997235,0.578705668
0.525128365,0.543903768,0.560354769,0.577373922,0.485235691,0.464249492,0.446419805,0.592845082,0.412428111,0.552265048,0.493904024,0.468176275,0.577466667
0.525022566,0.543810427,0.560497224,0.577691138,0.485246867,0.464592099,0.447291106,0.593393326,0.41373083,0.552411795,0.494800657,0.465143472,0.576088488
0.524177194,0.543263793,0.560327709,0.577543318,0.483855247,0.46351701,0.446600348,0.593303978,0.414219856,0.551984072,0.494504839,0.464501351,0.574435472
0.523947239,0.542892277,0.559989929,0.577195108,0.485800952,0.465568513,0.448924631,0.593188703,0.415816873,0.551519752,0.495025903,0.463766664,0.572329581
0.524391234,0.542944968,0.559739649,0.576888978,0.489703149,0.470208645,0.453485698,0.59306711,0.4185853,0.551246703,0.497144222,0.463747323,0.570823431
0.52516675,0.543781221,0.559796274,0.576646984,0.493494153,0.474598676,0.458427906,0.592979372,0.423096448,0.551120281,0.498454958,0.460748225,0.568275332
0.526707888,0.545398653,0.56043011,0.576593101,0.497310609,0.478149921,0.461851954,0.592930377,0.426742375,0.550975382,0.499841511,0.449755073,0.564973593
0.527600288,0.546250582,0.560884833,0.57656157,0.498031646,0.47855103,0.462070912,0.592758119,0.427505463,0.550961912,0.500133574,0.417376488,0.559684694
0.527358353,0.546398044,0.560914576,0.576475203,0.497423828,0.477806181,0.461442977,0.592504382,0.427783936,0.550284803,0.499903172,0.391738504,0.552724063
0.526300848,0.546269476,0.560735822,0.575593054,0.49672088,0.476905376,0.460470796,0.591415763,0.427366227,0.547899187,0.498154521,0.353204608,0.551430225
0.519251108,0.543310106,0.557748199,0.57156986,0.490819067,0.473307967,0.458777726,0.589014471,0.427063018,0.54124409,0.491570026,0.280900598,0.55205971
0.517517149,0.542946577,0.557283938,0.570814431,0.490071744,0.472795963,0.458589464,0.588184118,0.426732361,0.538975418,0.489033341,0.241926759,0.553306103
0.516672015,0.542703271,0.556948483,0.570311129,0.490002334,0.472566694,0.458197474,0.58774066,0.426776886,0.537434876,0.488003343,0.23752588,0.554161072
0.510299921,0.537812829,0.552432597,0.565715134,0.483763605,0.468095124,0.454906374,0.586002886,0.42619583,0.532860518,0.482238114,0.244589075,0.554540217
0.506499052,0.534604788,0.549620032,0.563221395,0.480019391,0.464975148,0.452190489,0.585159957,0.425512433,0.530396283,0.479122162,0.249641985,0.554579198
0.497432351,0.526668549,0.543154955,0.557454348,0.471604377,0.457932264,0.445650607,0.583403349,0.422307521,0.525542855,0.472769767,0.253336042,0.554159582
0.48696062,0.51604265,0.534267187,0.548916221,0.462610751,0.450106889,0.438192189,0.578448772,0.419037908,0.518974245,0.466109008,0.251578361,0.553871512
0.48331061,0.512865305,0.531021357,0.545282304,0.45907414,0.446401507,0.434331149,0.575229704,0.415751547,0.515722573,0.462710649,0.246123806,0.553671062
0.479459643,0.50983578,0.528385222,0.542759597,0.455594063,0.442913502,0.43087852,0.573527396,0.413389981,0.513159335,0.459882617,0.245274127,0.553536654
0.477355003,0.507042885,0.525813162,0.540180147,0.4533149,0.440474242,0.42829141,0.571682692,0.411048234,0.511365831,0.458260804,0.245770797,0.553518057
0.475563228,0.504748404,0.5239591,0.538702309,0.45214045,0.439240575,0.426927,0.570558012,0.409716815,0.509152532,0.456707478,0.245715946,0.553573608
0.476260483,0.504668653,0.523626566,0.538489163,0.452521294,0.439620882,0.42723763,0.570075929,0.409661114,0.50899899,0.45656088,0.247904539,0.553621352
0.478047878,0.506273568,0.524896204,0.539657176,0.453849614,0.440627545,0.428110957,0.570444822,0.409754366,0.510223031,0.457762897,0.249263376,0.553774357
0.478969932,0.506715477,0.525177598,0.539984465,0.45406726,0.440706939,0.428213626,0.570487916,0.40986976,0.510431528,0.458123863,0.239336669,0.553954661
0.483431637,0.511291564,0.528658688,0.543795407,0.457328886,0.443165869,0.430396914,0.571744204,0.409984231,0.512550116,0.459440738,0.226626694,0.554084182
0.485719204,0.513907969,0.530647337,0.545573294,0.458659261,0.443920523,0.430869699,0.571919858,0.409154326,0.514350832,0.459946036,0.205203339,0.553979158
0.486465544,0.514368176,0.530724466,0.54568851,0.458890468,0.444143265,0.431173772,0.570604384,0.406901151,0.514883757,0.460284621,0.193388715,0.55370903
0.484756112,0.511984944,0.528517127,0.543017447,0.457141191,0.442597955,0.429562956,0.567202926,0.404167861,0.51424253,0.459557533,0.185705528,0.552392185
0.482100695,0.508335888,0.524929762,0.538803041,0.453802675,0.439396262,0.426109821,0.562386155,0.400614142,0.512779951,0.45766151,0.182690129,0.549811244
0.478705972,0.505413294,0.522465765,0.536328375,0.449700803,0.435039878,0.421163857,0.559835672,0.395341843,0.511030316,0.454416245,0.182003155,0.548328876
0.47674036,0.50285387,0.520002961,0.533759117,0.447066218,0.432508588,0.418666482,0.557619631,0.393124878,0.509836972,0.452918023,0.17784439,0.548081458
0.476373464,0.502743959,0.519886732,0.533775985,0.446530133,0.431749642,0.417811096,0.557379127,0.391796857,0.50977236,0.452135205,0.161859974,0.547298014
0.475216269,0.501914918,0.519087076,0.533146441,0.444878876,0.430055916,0.416202068,0.55753547,0.390026212,0.509265661,0.450787663,0.154828414,0.547156274
0.473504722,0.500092387,0.51743722,0.531499386,0.442893207,0.428106308,0.414108366,0.556494772,0.388048738,0.508184791,0.449118137,0.158128634,0.546657503
0.470662892,0.497965813,0.515777767,0.530004323,0.440225214,0.425422639,0.411249548,0.556086421,0.385852247,0.506699443,0.446215272,0.160701692,0.546713769
0.465750337,0.493579298,0.512425721,0.527197301,0.436227113,0.421562314,0.407382578,0.555584252,0.384046286,0.503396809,0.442286968,0.160240635,0.548316836
0.46360445,0.49190858,0.511001766,0.525732458,0.43458575,0.420028895,0.405930251,0.554750085,0.383016229,0.501896441,0.440632999,0.15968968,0.548966646
0.45768407,0.486785322,0.506990016,0.522279441,0.43053028,0.416255027,0.402381301,0.553337514,0.381686598,0.496581823,0.436493784,0.161637619,0.55056268
0.45281747,0.481461734,0.502162397,0.517637014,0.426346421,0.412140846,0.398397952,0.549734652,0.380313367,0.49238959,0.433447808,0.162844643,0.553052008
0.446290374,0.473341167,0.494476676,0.510947466,0.420517802,0.40604037,0.392236531,0.543706,0.37775147,0.485507131,0.42895174,0.168760881,0.554321527
0.44030571,0.466504574,0.48857376,0.506363153,0.415151715,0.400473386,0.386603057,0.540290534,0.37498495,0.479445666,0.423895866,0.188215032,0.555676401
0.436081439,0.462029845,0.484093189,0.502417326,0.411872178,0.397410661,0.383843064,0.537443995,0.374419779,0.474892735,0.420330554,0.252826244,0.555612326
0.434449166,0.460529149,0.482034862,0.500124931,0.411526114,0.397433251,0.384235829,0.535541654,0.374971658,0.472474843,0.419484705,0.321074426,0.554274917
0.433582127,0.460954756,0.482420474,0.500199735,0.411595464,0.397711068,0.384813517,0.535980403,0.375194371,0.471726298,0.418670863,0.377990276,0.550096929
0.433494478,0.461224198,0.48263514,0.500417948,0.412098497,0.398447692,0.385692507,0.536093116,0.376768887,0.472411662,0.418545365,0.404633433,0.546827078
0.434970826,0.462586045,0.483791232,0.501352549,0.412889481,0.399048239,0.386009514,0.537765741,0.380080968,0.473383039,0.419381231,0.401629657,0.545213103
0.442050248,0.471561402,0.492373019,0.509436846,0.41968593,0.407290339,0.395479113,0.546906888,0.389435679,0.480820745,0.424569994,0.384599298,0.546119034
0.453985125,0.484151453,0.504858315,0.52207464,0.428845227,0.416852981,0.405276477,0.557677746,0.396202117,0.492925376,0.433278292,0.380011588,0.549019456
0.465219766,0.493693143,0.512862802,0.528795481,0.436398238,0.423667073,0.411807358,0.563444376,0.399363905,0.501970947,0.44218722,0.375741869,0.552441955
0.469668269,0.496600032,0.515007257,0.530328691,0.440325439,0.427488893,0.41572541,0.56472069,0.402342349,0.504957438,0.446729749,0.373984784,0.556680381
0.472972184,0.499964058,0.518232048,0.533519626,0.443158418,0.429930031,0.417959034,0.567142725,0.403213501,0.507159054,0.449423701,0.370895773,0.559103429
0.478039354,0.50430429,0.522450924,0.538070202,0.446942449,0.433140934,0.421311289,0.570453107,0.404787183,0.511678159,0.45374164,0.367500424,0.561121881
0.47816056,0.504940748,0.523257434,0.539108515,0.447368652,0.433459848,0.42140615,0.571813226,0.404266357,0.512098074,0.453610599,0.363895297,0.561517477
0.482080936,0.50723356,0.525006235,0.540909886,0.450728983,0.436501116,0.424969941,0.57316047,0.406802624,0.514208794,0.457780927,0.362156302,0.561271071
0.487520665,0.511546016,0.528836012,0.544965148,0.454819858,0.439884156,0.428177804,0.573994219,0.408006012,0.517754495,0.462852597,0.361430436,0.561280787
0.49060899,0.514428377,0.531311095,0.547343314,0.458186895,0.442762583,0.430827975,0.575043738,0.410095572,0.519605637,0.465161115,0.360152334,0.561239302
0.48965323,0.513812304,0.530978262,0.547159433,0.457559466,0.442360014,0.430412292,0.575335562,0.410088718,0.519440532,0.463787287,0.356620848,0.56117487
0.491219163,0.51515907,0.531970918,0.548169315,0.459064305,0.443489343,0.431360066,0.576433599,0.410837471,0.520334959,0.464445293,0.353346705,0.56173259
0.495488167,0.518610001,0.535054684,0.551074982,0.461135596,0.444494069,0.43180868,0.577422321,0.410640597,0.523314357,0.466295242,0.349609077,0.565614522
0.495393723,0.518139899,0.534368634,0.550173044,0.461923391,0.445790648,0.43341741,0.576985657,0.414157361,0.523417473,0.467075795,0.34266293,0.568614721
0.498124629,0.519905984,0.535480201,0.550824225,0.468266934,0.452307343,0.440067649,0.577158749,0.424691379,0.527830064,0.472311467,0.366652519,0.572361469
0.513890982,0.533501804,0.54871875,0.563215137,0.485621661,0.467742443,0.452883929,0.583428144,0.430531055,0.53791976,0.486034602,0.389096916,0.578873873
0.512370229,0.532452881,0.547802746,0.56230551,0.481888205,0.464118689,0.44980213,0.583468676,0.428004742,0.537094653,0.48372224,0.393276662,0.577935278
0.518224001,0.53416121,0.548289835,0.561751068,0.485494792,0.467496514,0.452087879,0.574125826,0.426393509,0.540061593,0.489517987,0.379058391,0.577008069
0.515337348,0.525155485,0.538532495,0.550856531,0.479916394,0.464380354,0.450591773,0.562601388,0.425704688,0.539928555,0.488954276,0.356168598,0.575766444
0.526861072,0.543611169,0.557619035,0.570498288,0.502676964,0.488852203,0.476131469,0.586086392,0.451133698,0.560761034,0.503896832,0.400192916,0.622279823
0.600480676,0.61259836,0.626760542,0.640066862,0.5665133,0.551030755,0.537731528,0.653710127,0.515729368,0.625969231,0.57829088,0.502837062,0.671264231
0.595824897,0.611696661,0.6274786,0.641110361,0.564617753,0.547678173,0.531697452,0.656068802,0.500982583,0.625600874,0.574276686,0.528871477,0.668202758
0.585942268,0.603644967,0.619731963,0.634684682,0.555903256,0.53835696,0.522940695,0.656389356,0.498243243,0.613808692,0.562202513,0.554021239,0.667132795
0.590721905,0.606787324,0.622339368,0.637149572,0.560835898,0.543522716,0.528217494,0.656137168,0.501339853,0.616005898,0.566781759,0.588494122,0.662055731
0.598138988,0.612080514,0.626846254,0.640634358,0.566647768,0.548779547,0.532726169,0.653482199,0.501048148,0.620745778,0.572516084,0.612108648,0.655352771
0.602196217,0.614272833,0.627644658,0.640021682,0.571118414,0.552482307,0.535078287,0.648973107,0.499942601,0.622027218,0.575852573,0.620956898,0.650029957
0.601352632,0.614103496,0.627465308,0.639518797,0.566721916,0.547563434,0.53023392,0.646771371,0.495645612,0.623561323,0.572659969,0.625276208,0.647163808
0.596914053,0.612178266,0.625775039,0.637850344,0.561888158,0.542682707,0.525848627,0.644740641,0.49443242,0.619253099,0.567224741,0.626544893,0.645233393
0.599255502,0.614882469,0.627796113,0.639245927,0.566397667,0.546301007,0.527790844,0.643371105,0.492221564,0.617547929,0.566404164,0.630090237,0.637242556
0.60817945,0.623415172,0.635284662,0.645378351,0.577401459,0.556721032,0.536457539,0.642902434,0.491681278,0.621533155,0.572136939,0.624199629,0.629165649
0.615173399,0.630027056,0.640161932,0.648614228,0.587806106,0.567304194,0.545652449,0.642640054,0.492263198,0.623066485,0.578310013,0.615566015,0.616538584
0.612233579,0.627940893,0.639311194,0.648372889,0.583556831,0.56412977,0.543632567,0.642247319,0.492081165,0.623458147,0.577078938,0.611075282,0.611771166
0.610324323,0.626326621,0.63859868,0.648053586,0.580043375,0.560868084,0.540816605,0.641959488,0.491637319,0.623032629,0.575689554,0.607574105,0.613557339
0.611593843,0.627349734,0.639195144,0.648248255,0.580627799,0.561428189,0.540916383,0.641643286,0.491250008,0.623606205,0.576894283,0.604276657,0.614608705
0.611118376,0.626958787,0.639175534,0.648310244,0.579163611,0.560007393,0.539687097,0.642012656,0.490783244,0.623884857,0.576385736,0.602810144,0.617866695
0.610685349,0.626363575,0.638745308,0.648009241,0.578275442,0.559154212,0.538956344,0.642225921,0.490674108,0.624520719,0.575818837,0.597128689,0.621229708
0.610031843,0.625898063,0.63816613,0.64758563,0.57817775,0.558962107,0.538777411,0.642037928,0.489609212,0.624071002,0.575334787,0.587387323,0.622777462
0.607871473,0.624370813,0.63700819,0.646609545,0.577082157,0.558068514,0.538080275,0.641869843,0.487928838,0.622258663,0.573713362,0.578478158,0.62356329
0.603551269,0.621154249,0.634080172,0.644141912,0.575284183,0.556611121,0.536874712,0.641411304,0.486123383,0.61835885,0.569900274,0.575731039,0.623961985
0.600511134,0.619394839,0.632476926,0.642742097,0.573980868,0.555492342,0.535759866,0.641263902,0.482446283,0.615932107,0.566872656,0.572777689,0.626681268
0.595887959,0.616647005,0.629985869,0.640616953,0.570313573,0.550818205,0.530448973,0.641035914,0.478311926,0.612398267,0.562073648,0.571909487,0.630653322
0.595888197,0.61658299,0.629861474,0.640402555,0.57029897,0.550737083,0.530130982,0.640959799,0.477069765,0.612440526,0.561432421,0.572714388,0.631823897
0.5959813,0.616845846,0.630254328,0.640787542,0.569995224,0.550096571,0.529003978,0.641839266,0.475771606,0.612530291,0.560789168,0.572790146,0.637292266
0.596037269,0.618602514,0.632146955,0.642656803,0.570066035,0.550305426,0.529458523,0.644838214,0.475984275,0.612953305,0.560936332,0.56897223,0.64184165
0.59637934,0.620236039,0.634133101,0.644812882,0.570291758,0.550868094,0.530282915,0.645978868,0.476021856,0.613388002,0.56096518,0.562053144,0.641115427
0.600744903,0.62592268,0.640166163,0.651041448,0.571068227,0.551275313,0.530448258,0.650759637,0.476147175,0.618312955,0.562108874,0.551088512,0.640595973
0.610425651,0.635783315,0.649190307,0.659609079,0.577735782,0.557224214,0.536348343,0.656590581,0.478351682,0.626020491,0.567236006,0.535814941,0.639779627
0.615625918,0.642321646,0.655493259,0.665595949,0.581769109,0.56103164,0.540345609,0.66215986,0.481932282,0.629901826,0.571945488,0.539414883,0.639415205
0.62155664,0.647522271,0.65971905,0.669671595,0.588820457,0.567675054,0.547756314,0.666469336,0.489050567,0.63487947,0.578118682,0.533565283,0.639203608
0.62390548,0.648798108,0.660796225,0.670973778,0.592449188,0.571431935,0.552123189,0.668013752,0.494992226,0.635674477,0.580198705,0.515877843,0.633898795
0.635494173,0.660302699,0.67237401,0.682605803,0.606182218,0.583412707,0.563407302,0.674284041,0.504172623,0.643631279,0.586906254,0.522371471,0.623034239
0.651803553,0.673317313,0.686887383,0.698102236,0.618063033,0.595027387,0.572797239,0.68553251,0.512473702,0.658132613,0.605730414,0.595354199,0.623349667
0.662939191,0.682625234,0.696293116,0.707594991,0.628692329,0.606810808,0.585402727,0.7148453,0.526742995,0.668942392,0.621748865,0.660022318,0.625827849
0.666063428,0.684053302,0.697881758,0.709179163,0.627777815,0.606245399,0.585511446,0.701869965,0.528666079,0.672199965,0.624068975,0.681668282,0.629120409
0.672909439,0.687458932,0.699157476,0.709536552,0.639151692,0.618834436,0.598388314,0.695709527,0.541489065,0.67696327,0.633432865,0.691760838,0.634805143
0.673851311,0.687841952,0.699772835,0.710268557,0.640286684,0.620384037,0.600629508,0.694977343,0.54520148,0.680152237,0.634870112,0.700920165,0.634784758
0.670028925,0.685684621,0.69920212,0.711524248,0.634574473,0.614034593,0.593988657,0.701325357,0.539135993,0.68185091,0.631316423,0.679599702,0.635965049
0.669053078,0.682965934,0.696317732,0.708264291,0.632462442,0.613613904,0.591902554,0.704717577,0.535675585,0.678187907,0.627270639,0.670196235,0.647774339
0.653467059,0.677183747,0.693388939,0.7064147,0.620747983,0.604211569,0.585556686,0.705319166,0.533950567,0.676730692,0.622161329,0.663035095,0.65324235
0.629547417,0.660047054,0.679880619,0.695534945,0.600289881,0.581081629,0.561763287,0.704153776,0.525278151,0.661911666,0.59881556,0.658796668,0.657395899
0.619136274,0.65037787,0.670593202,0.686626136,0.590988755,0.570991933,0.55215019,0.703108728,0.519391119,0.652022302,0.589722693,0.656497538,0.658054292
0.60260272,0.632968664,0.65152353,0.668318868,0.576681912,0.556271255,0.538766861,0.694181859,0.51360774,0.633362055,0.570921957,0.652032495,0.657851934
0.591552675,0.619155645,0.636458576,0.652727962,0.563954413,0.544476151,0.529201865,0.681735456,0.506924212,0.619808257,0.558790624,0.640555203,0.653344989
0.584928155,0.613432467,0.62928772,0.644429803,0.558392346,0.538489103,0.523468435,0.67193675,0.499497205,0.61292237,0.550694406,0.627935469,0.645634592
0.580453753,0.60970515,0.62496829,0.639602125,0.551867008,0.533295572,0.519398451,0.664501011,0.493383616,0.610226154,0.546362996,0.618840873,0.645041525
0.576221406,0.605530798,0.620783389,0.635886908,0.545754373,0.527913511,0.514022112,0.661727726,0.487750888,0.607701838,0.543053031,0.605287373,0.642316401
0.573640108,0.604465544,0.619914353,0.635000646,0.542295933,0.524163842,0.509744406,0.659555733,0.481846154,0.605525553,0.538893342,0.588607192,0.640540302
0.567397058,0.600082338,0.616375625,0.631652772,0.535103738,0.518384516,0.504233181,0.657147467,0.476884365,0.602453828,0.536195338,0.561976969,0.639631212
0.563512743,0.596086204,0.6130898,0.628553033,0.529831171,0.513385832,0.499176413,0.654966772,0.472564399,0.600615263,0.53319329,0.571130037,0.639412999
0.564547598,0.595353544,0.611885786,0.626854718,0.529728293,0.513069212,0.49896422,0.651348233,0.47087881,0.601170897,0.533816636,0.572044909,0.636548877
0.562722087,0.592531919,0.60924536,0.624130785,0.527784884,0.511253893,0.497162849,0.648505509,0.468708783,0.600411952,0.53262651,0.578102648,0.638326705
0.562184691,0.591100037,0.607269049,0.621650159,0.526874781,0.510321379,0.496195227,0.64588517,0.467882723,0.599473894,0.531635523,0.586851716,0.638349593
0.563146949,0.591649592,0.607559025,0.622070014,0.528301775,0.511164665,0.496922582,0.645748556,0.467981905,0.599485159,0.531546175,0.584455729,0.630343258
0.562813222,0.591476202,0.60730207,0.621896863,0.528090894,0.510802984,0.496628881,0.645511448,0.468127042,0.599580646,0.531357527,0.551167428,0.630869627
0.559412539,0.588780046,0.605362773,0.62007308,0.525148809,0.508753717,0.49462527,0.644291997,0.466269314,0.59714216,0.5283705,0.542639434,0.631186485
0.559980869,0.588928223,0.605258942,0.619922698,0.526118577,0.50965637,0.495586842,0.643722117,0.467084497,0.597483814,0.529384255,0.553062499,0.631411076
0.560719252,0.589300573,0.605544865,0.620241523,0.526487231,0.509846449,0.495811015,0.644406021,0.466905415,0.597847044,0.529795229,0.551222563,0.631644249
0.56111896,0.589886487,0.606162608,0.620827675,0.527064562,0.510453284,0.496360034,0.644522011,0.467370987,0.598152936,0.530293703,0.55528295,0.631931365
0.560879171,0.590105832,0.606449544,0.621243238,0.526834726,0.510050595,0.495892018,0.644975126,0.466832548,0.598000824,0.529414237,0.594548166,0.634978116
0.561062753,0.590465307,0.606794119,0.621798635,0.527157784,0.510131299,0.495998979,0.645576537,0.466875762,0.598208308,0.529735923,0.614330053,0.636182189
0.561398447,0.590764046,0.607036233,0.621993482,0.527414083,0.510268211,0.496184826,0.645864367,0.467317075,0.598358035,0.530005097,0.622949481,0.638063669
0.562208772,0.59131813,0.607630312,0.622652948,0.527863979,0.510776043,0.497020334,0.646061599,0.468569845,0.598789394,0.530474782,0.649690449,0.638179243
0.56241107,0.591462731,0.60774523,0.622771978,0.528147459,0.511033058,0.497184008,0.64554143,0.469046414,0.598893344,0.530530393,0.637209535,0.638145208
0.562562108,0.591430724,0.607755065,0.622816026,0.52830261,0.511223495,0.497377425,0.645247161,0.469080746,0.598974943,0.530660927,0.630356133,0.63904196
0.562663615,0.591594756,0.60810858,0.623391569,0.528369844,0.511259794,0.497483045,0.645406187,0.469262391,0.599154174,0.530778944,0.627917826,0.639210224
0.562522948,0.591489673,0.608065784,0.623427629,0.528464794,0.511404753,0.497614592,0.645473838,0.46933946,0.599079967,0.530797422,0.625292063,0.639106214
0.562544107,0.591546714,0.608109772,0.623482645,0.52851671,0.511506855,0.497766674,0.645519793,0.469457507,0.599044383,0.530792177,0.620689631,0.639334798
0.561628163,0.591044188,0.607568145,0.623051047,0.528547823,0.511580527,0.497859985,0.645607054,0.469545543,0.598177373,0.529641867,0.603912175,0.638728201
0.5610466,0.590624094,0.606898069,0.622156024,0.528486788,0.511581957,0.497884721,0.645205259,0.469641864,0.597289622,0.529152036,0.591240406,0.637470841
0.55798012,0.588189483,0.604056358,0.618475676,0.526386976,0.509753168,0.495931715,0.642106175,0.467442304,0.593667626,0.526434481,0.584194183,0.633544505
0.55602175,0.585781634,0.601342559,0.615306079,0.524349988,0.507754862,0.493837237,0.636773527,0.464595795,0.59094733,0.524984539,0.579526722,0.622437716
0.55272156,0.582466364,0.597862184,0.611482918,0.520443201,0.50348419,0.489114404,0.631871879,0.45928219,0.587085724,0.520900667,0.562626004,0.617470324
0.549811363,0.580637813,0.596060634,0.609774232,0.518243968,0.501529157,0.487180203,0.630637884,0.456736356,0.584369361,0.518015862,0.56372571,0.616270244
0.550304055,0.580964208,0.59620297,0.61000514,0.518415451,0.501855373,0.487475961,0.630233645,0.457211763,0.584656239,0.51847434,0.561177015,0.617724657
0.550031424,0.58005625,0.594912767,0.608907163,0.518550098,0.501924634,0.487721056,0.630174398,0.457896233,0.583651245,0.518508434,0.558145165,0.618939221
0.549708307,0.579265356,0.593963146,0.608193457,0.518488288,0.501836717,0.487824231,0.629822314,0.458387196,0.582590163,0.518071294,0.555322349,0.620859265
0.549446583,0.578498125,0.593118608,0.607609987,0.518428862,0.501694381,0.487859428,0.629877508,0.458732337,0.581588984,0.517917573,0.553718209,0.62212044
0.548273802,0.576807499,0.591481924,0.606125772,0.517348051,0.500953734,0.487595439,0.628997266,0.458967865,0.579075396,0.517159343,0.54876864,0.622508764
0.547175467,0.575225413,0.590097964,0.604981184,0.515927374,0.49996832,0.487022609,0.628707469,0.459179759,0.577906132,0.516423762,0.54452616,0.622683644
0.546234846,0.573984623,0.589067698,0.604105234,0.514437139,0.498721808,0.486052424,0.627966762,0.459295243,0.57683599,0.515803277,0.545026481,0.622782767
0.545508444,0.572906435,0.588175535,0.603425205,0.513499558,0.497836471,0.485359281,0.627584696,0.459422946,0.576267064,0.51552397,0.546063781,0.622673333
0.545487225,0.572604597,0.587980509,0.603273094,0.513325453,0.497601628,0.485190779,0.627277374,0.459493995,0.576316535,0.515555441,0.557111979,0.621763527
0.545568347,0.57272011,0.588136673,0.603408277,0.513451338,0.497653991,0.485229939,0.627184033,0.459615022,0.576466918,0.515618145,0.591849983,0.619861722
0.545433223,0.572116375,0.587494075,0.602675498,0.51309526,0.497315437,0.484966934,0.626018107,0.459696412,0.576271951,0.515660942,0.610463381,0.61763519
0.545016706,0.571329653,0.586659193,0.601790547,0.512584984,0.496892899,0.484649956,0.62522155,0.45969975,0.575624287,0.51530081,0.607061148,0.617666483
0.545639575,0.571373165,0.586724281,0.60186106,0.513370931,0.497162133,0.484939188,0.625119805,0.459916145,0.575714231,0.515716612,0.609351575,0.617769122
0.547824323,0.571965635,0.587416351,0.602419496,0.515374601,0.49831304,0.485894501,0.625158489,0.460349083,0.576255023,0.517752171,0.615645468,0.617894232
0.549037397,0.572487891,0.588072717,0.602984846,0.516615212,0.499194622,0.486772358,0.625186622,0.461189091,0.576529384,0.518810272,0.61527431,0.616905034
0.550097883,0.573003888,0.588758409,0.603659093,0.517587066,0.499856651,0.4873555,0.625210702,0.461531132,0.576782763,0.51958406,0.611297667,0.6154356
0.550352991,0.573234618,0.589067698,0.603959799,0.518003404,0.500149488,0.487645149,0.625239789,0.461824805,0.576808691,0.519655168,0.609755218,0.611616611
0.550499558,0.573518097,0.589162886,0.604010999,0.518369913,0.500208616,0.487649351,0.625298738,0.461876482,0.576856971,0.519430041,0.60830617,0.610764921
0.534363866,0.566588521,0.583073974,0.598573327,0.507337272,0.49157685,0.479528397,0.624226153,0.458444774,0.567187369,0.502081513,0.606989443,0.611043572
0.503003955,0.538169146,0.560153246,0.578805864,0.485390753,0.473229051,0.461746305,0.615797579,0.453411192,0.543117166,0.479123682,0.606582582,0.611236036
0.471559733,0.502971232,0.522865176,0.546293378,0.464288414,0.452630043,0.441119224,0.602744281,0.446389854,0.50217253,0.45491457,0.600731015,0.611533701
0.446799487,0.481227964,0.49862811,0.522519171,0.44510296,0.434081763,0.423906893,0.591957271,0.44368878,0.477086902,0.432767123,0.595935822,0.614580572
0.419463664,0.464239508,0.480612099,0.499875456,0.431086063,0.422627807,0.414790839,0.586719811,0.445963353,0.442877263,0.408359528,0.59199518,0.624752581
0.407722205,0.455570579,0.474057794,0.50585562,0.42617473,0.420065761,0.414911568,0.582458556,0.45576027,0.430138022,0.402933866,0.587050676,0.628248632
0.408509761,0.457635611,0.475466073,0.498760492,0.426865667,0.421740144,0.417197794,0.576636553,0.462838262,0.43945691,0.40622893,0.571748316,0.628555655
0.402137309,0.449044228,0.464980483,0.483595252,0.42391929,0.419993311,0.417634279,0.562217772,0.467804462,0.43531397,0.40623343,0.53896296,0.627054989
0.402049452,0.446710199,0.461675346,0.478831172,0.424690455,0.421251506,0.419771403,0.554053485,0.470678151,0.434142113,0.408833414,0.506735444,0.62704581
0.405475825,0.447010428,0.461981326,0.479376048,0.424140066,0.420476168,0.419371903,0.552238703,0.469876409,0.440851867,0.413428396,0.497362316,0.628288805
0.404814601,0.446080476,0.461440206,0.479406923,0.42295751,0.419364631,0.418565542,0.552470922,0.469340682,0.442108721,0.414453059,0.501106024,0.631126881
0.402492702,0.440230846,0.454112232,0.470312476,0.419107527,0.415695935,0.415167332,0.545143187,0.46572715,0.440856427,0.413904309,0.504820108,0.632418513
0.391074568,0.429987133,0.441431046,0.455497235,0.410618901,0.410392165,0.411364675,0.536448002,0.456179351,0.433303565,0.409432411,0.506682396,0.634558856
0.388150245,0.426421762,0.43810454,0.452088326,0.406336874,0.406175613,0.407011718,0.528427601,0.456224829,0.429560095,0.406686127,0.507994235,0.63565439
0.38759163,0.42476216,0.436643481,0.450922519,0.403851688,0.403641582,0.404316783,0.526110888,0.449387729,0.428214639,0.405628383,0.50774461,0.635826051
0.388427913,0.424481034,0.437706202,0.458687484,0.403638929,0.401801229,0.402274132,0.523658812,0.443857193,0.42905429,0.405313104,0.506668508,0.634789705
0.384799212,0.421541601,0.434814483,0.448897243,0.401405424,0.398968101,0.399475396,0.515388012,0.444928914,0.426234275,0.403731793,0.502861857,0.633528829
0.382809728,0.41955325,0.432773381,0.444689453,0.399453998,0.396500379,0.396786779,0.516367853,0.443035007,0.424885958,0.402036309,0.496877581,0.62928772
0.38037625,0.418455988,0.429855466,0.442629337,0.399195492,0.397860408,0.398349464,0.513930857,0.443235874,0.422957987,0.401689053,0.49758625,0.621413827
0.374324232,0.411989003,0.424487144,0.435714453,0.394527227,0.394867897,0.394209504,0.506606519,0.44319579,0.418260932,0.399113148,0.499006093,0.617322981
0.375402004,0.412566364,0.425418556,0.438430578,0.393955499,0.393964171,0.392487019,0.5100981,0.442289948,0.41815111,0.397846192,0.500408888,0.612639248
0.376826108,0.413846135,0.426379979,0.440122902,0.394314885,0.394198686,0.39345333,0.512645006,0.442427546,0.418397635,0.397685796,0.501551569,0.610964835
0.377572745,0.41479826,0.426709771,0.440291315,0.395310909,0.394973665,0.393784344,0.511964381,0.442331403,0.417539775,0.398061365,0.503504217,0.606204093
0.377881885,0.415303737,0.427357554,0.440692902,0.395873517,0.395489335,0.394248575,0.513395727,0.440976739,0.418381304,0.398302257,0.507699788,0.606700122
0.378554612,0.41603601,0.428222179,0.441748261,0.396429569,0.395912349,0.394256979,0.51400584,0.440753162,0.418976665,0.398570448,0.50832963,0.607706487
0.377824396,0.415290177,0.427154422,0.440591782,0.395806104,0.395249844,0.393077254,0.513842583,0.440446407,0.417294472,0.397749037,0.508399665,0.606212854
0.377021194,0.415098876,0.426504135,0.43956548,0.3959665,0.395429313,0.393051237,0.510101795,0.445546329,0.412882149,0.395534426,0.507636011,0.604842901
0.376387239,0.414857388,0.426043332,0.439098835,0.39621973,0.395562261,0.392050833,0.505974472,0.44629699,0.410274416,0.393592626,0.503448904,0.605395079
0.376695067,0.414988488,0.426088035,0.439117163,0.396487623,0.39604643,0.395497799,0.503321171,0.446476281,0.409380525,0.393109322,0.502168775,0.602944314
0.377787709,0.415861398,0.427875727,0.440543622,0.396964729,0.396160573,0.396306515,0.503629744,0.446558267,0.409685433,0.393303573,0.50108093,0.601752818
0.377901912,0.415715039,0.42791453,0.440791428,0.395651698,0.394487679,0.394641846,0.50530237,0.442746639,0.410272598,0.393232644,0.50614059,0.6018309
0.3780258,0.415563971,0.427976966,0.440841407,0.394344807,0.392772943,0.392627895,0.508101881,0.440165788,0.41043365,0.39322874,0.514662027,0.60065484
0.378227204,0.415634751,0.428592771,0.44164753,0.394490331,0.392732918,0.392392635,0.513115823,0.439994156,0.411060899,0.393311054,0.52958715,0.594682455
0.378311366,0.415662557,0.428641886,0.44178924,0.394608885,0.392892271,0.389406383,0.513163984,0.440085202,0.411300004,0.393384844,0.538268983,0.592599332
0.377933055,0.415290743,0.428117156,0.441373616,0.394719809,0.392999381,0.390560716,0.511429429,0.445028901,0.41097638,0.393035293,0.544094861,0.592262089
0.377963513,0.415319651,0.428356767,0.441493988,0.394799978,0.393119782,0.39095214,0.511474371,0.444323063,0.412376583,0.394012153,0.546128094,0.592065454
0.380815208,0.419214606,0.431634933,0.471182525,0.397648841,0.396874905,0.392312735,0.515941024,0.447031051,0.416876405,0.398813814,0.542653441,0.592094839
0.384354711,0.422940284,0.434893519,0.466515899,0.400915533,0.400583267,0.393863112,0.519408345,0.448732406,0.422365218,0.40352124,0.534677863,0.592781663
0.392112046,0.433216751,0.449510545,0.469024062,0.407385796,0.406189352,0.399726003,0.529284239,0.450149357,0.43357265,0.409170926,0.520370543,0.591133535
0.390984893,0.432170898,0.449303061,0.468498915,0.406602502,0.404783279,0.399611503,0.529282331,0.44963035,0.432534397,0.406117082,0.517320275,0.589283943
0.386968493,0.430070877,0.448010892,0.464130849,0.404253513,0.402488053,0.398016363,0.533081174,0.448900968,0.424926549,0.39966771,0.513030469,0.588161707
0.383336067,0.429312706,0.44769308,0.463533968,0.403289407,0.401090741,0.397801042,0.532239139,0.448876411,0.419555932,0.393300831,0.509467542,0.587918699
0.380237103,0.427107632,0.446062744,0.463145435,0.400436997,0.398037791,0.394867927,0.533481598,0.44825089,0.41640082,0.389702827,0.508831441,0.58771199
0.380231261,0.427297384,0.446041018,0.483502895,0.400423706,0.397871703,0.394539058,0.540659904,0.44750312,0.416765898,0.389101416,0.509036958,0.587132692
0.380052924,0.427018076,0.445208162,0.486421496,0.400185287,0.397620767,0.394284636,0.540497184,0.447221577,0.416877449,0.388363183,0.509486794,0.586727381
0.379754752,0.426808476,0.444648236,0.491700202,0.400329709,0.39772585,0.394423127,0.54086107,0.44720602,0.416847706,0.388137519,0.509212732,0.588957548
0.381556898,0.431886643,0.47706607,0.501994729,0.403317541,0.400950938,0.397975802,0.548807502,0.446987063,0.420987308,0.389302701,0.507107735,0.589374959
0.386389375,0.440393716,0.485074311,0.505918503,0.409327805,0.406967342,0.404013932,0.554786146,0.446955651,0.427018732,0.393203855,0.497710973,0.59342432
0.388279468,0.442152143,0.486974537,0.50701493,0.411420375,0.40912208,0.406450629,0.555209756,0.447052866,0.427688718,0.394287944,0.496189386,0.596378684
0.388150483,0.442308247,0.488699704,0.508546472,0.412714839,0.410965234,0.40841198,0.555999219,0.447850674,0.427385926,0.394676596,0.495302111,0.602020204
0.388463587,0.443290234,0.488295078,0.50809294,0.41382876,0.412145793,0.409611791,0.558333516,0.448325515,0.428569973,0.395806789,0.496225953,0.608182311
0.416802138,0.477283984,0.504242122,0.522605956,0.435426682,0.428986818,0.425754666,0.57157582,0.458337486,0.459522247,0.414855659,0.52294594,0.612427652
0.41088903,0.468169183,0.497574151,0.517208815,0.430794448,0.425995737,0.422937602,0.569081068,0.45746395,0.454832941,0.41229555,0.521679044,0.619817674
0.41035369,0.466823936,0.481482863,0.514401138,0.428295106,0.423978448,0.421062917,0.568561792,0.456827462,0.453954875,0.411520123,0.51999718,0.618832171
0.409035385,0.462631732,0.467095554,0.49076283,0.426669568,0.423254609,0.420729935,0.564890265,0.46178329,0.442416668,0.409811676,0.518739223,0.621929348
0.406511337,0.459164351,0.487008482,0.506061673,0.428003281,0.424900979,0.421842784,0.565135896,0.464748949,0.439459234,0.409674346,0.517202854,0.620340109
0.40527904,0.458473951,0.476269931,0.50607872,0.427399248,0.424891114,0.421977252,0.564459383,0.465520084,0.435094923,0.408911049,0.516757429,0.623040915
0.403025448,0.451974422,0.462721229,0.48206836,0.427291751,0.424427629,0.421471089,0.557523727,0.465957433,0.428067684,0.405988663,0.504494607,0.629497588
0.402455539,0.447874755,0.457830548,0.477567464,0.426660657,0.424289882,0.421227336,0.5550735,0.416223824,0.427544475,0.405920684,0.500124991,0.628306329
0.401806921,0.444912463,0.455544382,0.473862678,0.4259758,0.424232662,0.420927525,0.54984051,0.445108116,0.426487327,0.405360401,0.496895194,0.626998067
0.400511712,0.443484306,0.454640836,0.473520309,0.425529122,0.42404002,0.420685738,0.545027256,0.454676598,0.425567627,0.405284286,0.486030281,0.626036525
0.400078118,0.443272591,0.455611497,0.484407455,0.425295383,0.423676997,0.420606732,0.541774809,0.459840983,0.425706476,0.40493831,0.469129652,0.625602782
0.398314089,0.442948431,0.45595932,0.478334129,0.424900353,0.423620105,0.420493811,0.538239896,0.462092698,0.425605029,0.404397964,0.467387676,0.625679672
0.394629657,0.440181702,0.452512562,0.470702946,0.423209697,0.422947884,0.420451999,0.533469081,0.463309973,0.423228949,0.402773768,0.462766737,0.625105143
0.393412381,0.436521083,0.447972089,0.46337539,0.421789527,0.422307938,0.420359582,0.530576825,0.463944823,0.42039603,0.402543068,0.462217361,0.624561727
0.391352177,0.434328645,0.445428461,0.459620863,0.420762628,0.421762019,0.420296162,0.528652966,0.464957684,0.416203409,0.399776489,0.46234715,0.624347687
0.390028208,0.433876127,0.445714086,0.460763246,0.418671787,0.419066906,0.411794066,0.52995944,0.465741456,0.416196853,0.398278415,0.463497758,0.627335727
0.389890492,0.434027761,0.446214646,0.461166978,0.418651789,0.419036031,0.410457253,0.530068338,0.467274576,0.416430742,0.398116767,0.464374095,0.628320456
0.390518934,0.435120285,0.446346849,0.462368459,0.419241607,0.419444948,0.409624547,0.538722813,0.468966454,0.418821335,0.399578691,0.471276641,0.630660892
0.391230464,0.43635264,0.4478136,0.463023305,0.419407964,0.419439822,0.41188097,0.55116576,0.435999125,0.421539217,0.400294393,0.48667109,0.63487345
0.392341644,0.437076539,0.448015809,0.463627696,0.419528842,0.419440538,0.409808278,0.551912844,0.426560521,0.42376852,0.401944548,0.504802942,0.634340286
0.394381613,0.437890977,0.44933188,0.463702172,0.419633508,0.419425398,0.411093354,0.5547387,0.449956775,0.424998015,0.402911574,0.538926542,0.632585287
0.394825757,0.438230157,0.449825883,0.464105248,0.419972599,0.419670016,0.413420677,0.563226879,0.461162865,0.42538622,0.403876394,0.559042513,0.621439695
0.396218598,0.439243883,0.452193946,0.472187907,0.420167565,0.419661731,0.413798064,0.571553051,0.461376458,0.425805539,0.403996468,0.563020587,0.621526003
0.403357625,0.446375012,0.462617695,0.512868822,0.422331423,0.420250863,0.414287776,0.578995585,0.434675485,0.446062207,0.408259779,0.577054024,0.621643782
0.405191213,0.447722733,0.462888896,0.510707855,0.423142433,0.420731813,0.415934056,0.576907694,0.451502293,0.443426996,0.408942908,0.582862139,0.620379329
0.416620433,0.454188049,0.467756748,0.50240016,0.427314013,0.422032177,0.416381061,0.573727667,0.43026045,0.446763903,0.411204547,0.592033803,0.620485067
0.434045702,0.466397882,0.483813673,0.510835111,0.434641004,0.425938576,0.418116838,0.583825111,0.433396727,0.458815873,0.419580251,0.614248216,0.624200225
0.450587958,0.485038757,0.507106841,0.530368984,0.444183797,0.432821751,0.422307223,0.587983727,0.433345914,0.474586755,0.430391282,0.622818589,0.626148164
0.461061776,0.496201903,0.520480275,0.541702986,0.448952377,0.436386883,0.424244851,0.591111898,0.428097069,0.489062518,0.438576669,0.631923914,0.628832877
0.464878947,0.500970185,0.525670052,0.545911074,0.449955583,0.43658331,0.424060732,0.591305852,0.417112648,0.496139228,0.439947814,0.63355279,0.62370199
0.471015722,0.505402029,0.528266907,0.546721458,0.452250361,0.438105762,0.424632847,0.590177357,0.41535762,0.504122734,0.446054965,0.626917183,0.619253218
0.47279653,0.506504834,0.528636575,0.54664588,0.452445507,0.438026458,0.424548596,0.589584172,0.413032562,0.506310642,0.447294503,0.622209728,0.610144079
0.470857799,0.505912542,0.528159678,0.546212077,0.451236904,0.437894553,0.423473001,0.588623524,0.409652978,0.503437281,0.445322603,0.614667118,0.609583259
0.469726205,0.504981637,0.52671808,0.544553041,0.450400472,0.436968833,0.421462238,0.588459909,0.406790704,0.502455711,0.443845719,0.619041026,0.608208776
0.468815982,0.503318608,0.524829566,0.542645991,0.450303048,0.435065925,0.419007093,0.586062849,0.405102521,0.502545297,0.442918956,0.62928623,0.600728512
0.469588071,0.502500415,0.523702085,0.54134804,0.449794114,0.434367687,0.417724043,0.58344692,0.403124779,0.50460583,0.443110168,0.649458647,0.595297933
0.468828559,0.501428366,0.522688925,0.540394127,0.448813528,0.432582647,0.415982217,0.580987036,0.401988685,0.504599512,0.443007976,0.656612813,0.596605182
0.472110569,0.502970517,0.523914456,0.540550709,0.448485255,0.432383984,0.415715992,0.580108166,0.400395215,0.510555208,0.446896076,0.646122754,0.597940683
0.475684524,0.505598962,0.525456071,0.540980458,0.448429614,0.432515144,0.415993601,0.579218507,0.399934739,0.513964713,0.450795144,0.642606795,0.598926723
0.475809932,0.505334437,0.52493757,0.540670693,0.448257476,0.432462007,0.415994138,0.576967418,0.399191111,0.513029158,0.451103687,0.640599847,0.600425482
0.476668954,0.505816042,0.524683535,0.540389478,0.448093444,0.432428807,0.416022986,0.575419486,0.398014039,0.513241291,0.451242,0.628586948,0.601018608
0.47646904,0.505488873,0.52444464,0.539816022,0.447951287,0.432249516,0.41599229,0.573904991,0.398183078,0.512839437,0.451171845,0.623782635,0.600088835
0.476491094,0.505398691,0.524195015,0.539708972,0.447851151,0.432211369,0.416174382,0.573412955,0.398669928,0.512820899,0.451170415,0.636093378,0.600267053
0.477465153,0.506077766,0.524312794,0.539600492,0.44837302,0.43325299,0.4181512,0.573447526,0.400712311,0.513910472,0.451576024,0.644194663,0.600520849
0.483400166,0.511658132,0.529034078,0.544282496,0.452592671,0.437912464,0.424633682,0.574772894,0.405958652,0.522951841,0.456507206,0.660123587,0.600782156
0.50210923,0.524539232,0.54042536,0.555897355,0.464939594,0.448599309,0.436088204,0.58018899,0.415645152,0.536784887,0.474749774,0.692517221,0.601308227
0.513572276,0.533479393,0.550125957,0.566469729,0.476571202,0.45915097,0.445846289,0.586128235,0.425784707,0.546991289,0.488404185,0.724458635,0.602934539
0.527695894,0.543811858,0.560079098,0.576111317,0.491938978,0.473638028,0.459704787,0.594558656,0.437218964,0.556390643,0.503898084,0.768336713,0.603304923
0.550609648,0.562575579,0.577882171,0.592160583,0.515712976,0.496342152,0.479168534,0.604250491,0.447005093,0.578309,0.525785208,0.768062949,0.606139421
0.570190966,0.580228269,0.595139325,0.607790411,0.533908665,0.514619172,0.495568454,0.612210989,0.45465973,0.599991083,0.54572773,0.779634118,0.606464446
0.580969274,0.590578437,0.605087042,0.616842031,0.545698881,0.52709794,0.508111894,0.617294788,0.464271665,0.609969735,0.558056712,0.804557562,0.609884799
0.587773561,0.598696768,0.61315769,0.624864638,0.553604424,0.535270572,0.516997397,0.623380423,0.473463714,0.615248799,0.564668536,0.81823498,0.614105046
0.590681016,0.603031814,0.61782968,0.629945159,0.557065248,0.538777292,0.520456433,0.629623592,0.478018373,0.618195236,0.56738472,0.816327333,0.618755579
0.591478467,0.604866862,0.619138122,0.631521404,0.559578359,0.540073335,0.520606279,0.635130882,0.479819506,0.619841099,0.567431092,0.807605922,0.620841026
0.581280947,0.597325921,0.612796843,0.626818597,0.548409224,0.529564083,0.511905789,0.639235139,0.478972822,0.612182736,0.557236731,0.79253298,0.622385144
0.558663189,0.584336519,0.603579938,0.620662093,0.52896142,0.515879393,0.504068792,0.635735273,0.475330353,0.600664735,0.539327383,0.786798298,0.625377953
0.52771008,0.553712547,0.575546801,0.595864654,0.503993392,0.491962045,0.481198788,0.635109842,0.473650813,0.577084482,0.516604424,0.76402092,0.62649703
0.506827116,0.533660173,0.556173325,0.579176843,0.485799342,0.472637445,0.461481839,0.629181564,0.468090147,0.557821274,0.497651875,0.753021777,0.626568913
0.487298459,0.513370037,0.533164859,0.555978239,0.471075505,0.458963126,0.449062735,0.617190063,0.461040705,0.52924639,0.479694635,0.736338854,0.626217067
0.477679431,0.503414392,0.521924913,0.543668449,0.46196416,0.450479031,0.441189468,0.606054842,0.45504418,0.517193079,0.46964705,0.738190591,0.618426561
0.473901749,0.50000757,0.518158674,0.539171278,0.459494412,0.448373765,0.439128965,0.599614322,0.45201692,0.511997402,0.465390474,0.717094839,0.611363649
0.470018506,0.496870071,0.514137268,0.533880472,0.456158459,0.444948941,0.435817927,0.593814909,0.448460609,0.50551343,0.459057599,0.699420929,0.607330561
0.467946351,0.494805127,0.511826277,0.530634999,0.454224557,0.44301033,0.433668494,0.589284658,0.445394814,0.502194345,0.455859095,0.705835283,0.606364191
0.465244085,0.494285077,0.511679053,0.530516088,0.452657342,0.441399276,0.432070345,0.587039888,0.44417581,0.498720765,0.452194959,0.701368451,0.606448174
0.466951072,0.496026218,0.514261365,0.533701241,0.452675372,0.440719217,0.430838585,0.586236596,0.441181391,0.501565278,0.452547908,0.698301792,0.606664419
0.471178919,0.499520659,0.517037332,0.535223842,0.45516938,0.442323416,0.431818008,0.587112308,0.438136756,0.506548643,0.456167728,0.693946779,0.606659174
0.477713227,0.50425297,0.525242209,0.544576585,0.456164956,0.443321437,0.433517545,0.588134468,0.43525365,0.517761827,0.456890851,0.691187859,0.605025768
0.496401668,0.521627188,0.542782187,0.559828699,0.466316015,0.450284779,0.437004477,0.588579655,0.433722138,0.537229598,0.472883254,0.695359707,0.60358882
0.512067854,0.537880659,0.557692647,0.572783053,0.478404731,0.461193591,0.444770843,0.59128803,0.43215695,0.553442955,0.486050576,0.696746051,0.603559673
0.533253133,0.554080069,0.570539176,0.583086073,0.492414176,0.475460529,0.459675997,0.593443453,0.432815105,0.569118023,0.504256666,0.680826783,0.606039345
0.546072602,0.563164175,0.577912807,0.589903593,0.502133548,0.485281646,0.471096814,0.595246911,0.435985476,0.577293694,0.516684949,0.667311251,0.609334707
0.558711648,0.572090089,0.585219383,0.596922576,0.514783382,0.494507998,0.47936517,0.598861754,0.440348327,0.587123752,0.529734194,0.664761007,0.609677076
0.560394824,0.575511813,0.589245379,0.601762116,0.518199682,0.497345239,0.481924236,0.604753256,0.443579018,0.588759422,0.530358255,0.671303034,0.608568907
0.559001386,0.576437056,0.590853155,0.604079783,0.517705679,0.497127235,0.48203814,0.60880506,0.446232527,0.586959481,0.528774917,0.674745321,0.609130502
