y1,y2,y3,y4,y5,y6,y7,y8,y9,y10,y11,y12,y23,y24
0.477077335,0.447599232,0.446547896,0.445531666,0.449817657,0.451001346,0.45225668,0.452284157,0.464465231,0.495933861,0.501359761,0.531118453,0.885283172,0.708007693
0.474697292,0.44655624,0.445295393,0.444397867,0.450304091,0.452165127,0.453940779,0.452490747,0.466420084,0.494636536,0.500444353,0.535586715,0.885659218,0.711182714
0.474900544,0.448770463,0.44752574,0.446594417,0.453208864,0.455208242,0.457267374,0.456890285,0.471928537,0.495152563,0.50204742,0.54506427,0.891165376,0.7212376
0.476937443,0.452102035,0.450803906,0.449921697,0.457625538,0.460032761,0.462638438,0.461477935,0.478324831,0.4973194,0.50539887,0.553396165,0.898423672,0.732263863
0.481119007,0.457207501,0.455829531,0.454936892,0.463611543,0.466025442,0.468598187,0.466344595,0.483886302,0.500353754,0.510394335,0.558715165,0.905335128,0.738479733
0.48449865,0.460884869,0.459602207,0.458845288,0.46704945,0.469272077,0.471694708,0.469943047,0.486580312,0.503166914,0.51346302,0.559765458,0.909866214,0.738556325
0.484546602,0.460645139,0.459393591,0.4586429,0.466202259,0.468195498,0.470363557,0.469620526,0.485358089,0.503619134,0.512717843,0.55852133,0.907240391,0.735630035
0.484189838,0.460016102,0.458806992,0.457961142,0.465025336,0.466992795,0.469146967,0.468322933,0.483902931,0.50326252,0.512282073,0.556482196,0.906100273,0.733737648
0.484039724,0.459634364,0.458567709,0.457891941,0.464828402,0.46669063,0.468697846,0.467511326,0.48343578,0.503040552,0.511667311,0.555329919,0.904651463,0.732687354
0.483340025,0.459304154,0.457985163,0.4571971,0.463814676,0.465410233,0.467388242,0.467550933,0.483107865,0.502852559,0.510691643,0.554390013,0.904238105,0.734109759
0.483187109,0.458846658,0.457489192,0.456763089,0.463419259,0.464933246,0.466767371,0.467801273,0.482523769,0.502866089,0.509839892,0.55522573,0.911666214,0.736420274
0.483024687,0.458510011,0.457335532,0.456764638,0.463354051,0.464704752,0.466415554,0.468035996,0.482149065,0.503085732,0.509540975,0.556140304,0.914099991,0.739711881
0.474358171,0.448274136,0.446623176,0.445815653,0.454819351,0.457388967,0.460070789,0.458490133,0.476614535,0.497081697,0.503371358,0.554089665,0.90469408,0.738955319
0.450034618,0.423245519,0.422170937,0.421504021,0.428018808,0.430311769,0.432655573,0.433326066,0.446900845,0.47431007,0.479403347,0.528271794,0.88113898,0.709961832
0.428021431,0.399428308,0.39782533,0.396658063,0.40484938,0.407328278,0.409838617,0.4073686,0.424166918,0.450762689,0.456138194,0.504952013,0.858907044,0.693581998
0.412544399,0.383008659,0.381295651,0.380029023,0.388537705,0.391085178,0.394037992,0.39053899,0.410113037,0.434585869,0.441454172,0.488837302,0.849446595,0.681176901
0.393676162,0.366160512,0.365170419,0.364576757,0.370137632,0.372565687,0.375922292,0.379140109,0.395035595,0.418295771,0.423492968,0.478609413,0.839850128,0.669485569
0.385874271,0.35936588,0.358023524,0.357271373,0.364767373,0.367812812,0.371712148,0.371062696,0.390177071,0.410829365,0.417978585,0.474925667,0.829679191,0.665054619
0.384131759,0.359957159,0.358715832,0.358323753,0.36429435,0.366208375,0.36891669,0.370153219,0.385301769,0.409541219,0.41526264,0.471899927,0.82416755,0.663792551
0.383210123,0.358622193,0.357248515,0.356867135,0.363797128,0.366134107,0.36884284,0.368341982,0.385029256,0.408406734,0.414098322,0.469389021,0.819703758,0.658206761
0.386778086,0.360788405,0.359529942,0.35920468,0.365127683,0.367149711,0.369745553,0.371083498,0.384764045,0.412192583,0.41570887,0.468735844,0.818903744,0.656527758
0.38916117,0.362518966,0.361328065,0.360857487,0.365965009,0.367752671,0.369933426,0.373153627,0.384084046,0.414332241,0.416483492,0.466102421,0.818856418,0.653290331
0.391103268,0.364118218,0.363038182,0.362566769,0.366096765,0.366923749,0.368312687,0.373856604,0.38279888,0.41544956,0.416144669,0.46453318,0.816727161,0.651702344
0.394052476,0.367304862,0.366219431,0.365632147,0.369365364,0.370101511,0.371362418,0.375131756,0.386602789,0.416026175,0.417852938,0.46287173,0.813859761,0.650066972
0.396140873,0.369455248,0.368354857,0.367669523,0.37156564,0.372439116,0.37381959,0.375955045,0.38852933,0.418016374,0.42058152,0.464639187,0.81762743,0.651584744
0.408266723,0.380914837,0.378691524,0.376491129,0.383951902,0.384625971,0.385768801,0.377054304,0.394613594,0.427039474,0.433060884,0.467298657,0.812101007,0.653870106
0.421806425,0.393669724,0.390319496,0.386922657,0.398925096,0.399882555,0.400872469,0.382665217,0.405242383,0.439287126,0.446829855,0.469064623,0.812223256,0.654995799
0.427594095,0.396493137,0.392042547,0.387631536,0.405339479,0.407516658,0.40909481,0.383024633,0.413025945,0.445215464,0.454802811,0.46986419,0.812987983,0.656749785
0.433041245,0.396430552,0.390990615,0.386670619,0.411398977,0.414427578,0.416123062,0.383420318,0.419590801,0.44882527,0.459997267,0.472212315,0.814768016,0.656994343
0.447780669,0.413039595,0.408546984,0.404278815,0.423284709,0.425193697,0.426374108,0.394440979,0.429521024,0.464172363,0.471255779,0.472647369,0.815317035,0.657957733
0.448245823,0.41335398,0.409021795,0.404826403,0.422916472,0.424540997,0.425744861,0.396279693,0.429445028,0.465162337,0.471845478,0.47309652,0.81580323,0.658255517
0.449418306,0.415409982,0.411089033,0.40717569,0.424087048,0.425325722,0.426368862,0.399017215,0.429944605,0.465499967,0.472067833,0.47325629,0.814347744,0.658536494
0.449850798,0.415671885,0.411347061,0.407437503,0.424511999,0.425801277,0.426858127,0.399224341,0.431002229,0.466100067,0.472806275,0.473331988,0.815347672,0.658824861
0.447395146,0.41292882,0.408434212,0.404753536,0.422169596,0.423416048,0.424607992,0.398804605,0.429345846,0.463353544,0.470636368,0.473530948,0.815617442,0.658596992
0.44807905,0.41309604,0.407729089,0.403331757,0.42348057,0.424837172,0.425841272,0.398563951,0.429290384,0.463902771,0.471409023,0.473445415,0.815812409,0.657592177
0.45150286,0.415942997,0.407341331,0.402382761,0.426116407,0.427086532,0.427780062,0.398069173,0.430654913,0.464723676,0.474276483,0.473554671,0.816328347,0.656690717
0.460693449,0.426476419,0.419169366,0.413736045,0.435088336,0.434898317,0.434358895,0.408423424,0.436803013,0.473001331,0.483530909,0.477264971,0.816735089,0.658353209
0.468269765,0.432458341,0.425843477,0.421682298,0.442362785,0.442310512,0.441681921,0.418664783,0.444242954,0.480634987,0.492088079,0.485521793,0.818400204,0.660710931
0.479160011,0.443881929,0.437256157,0.431998074,0.454782665,0.453710467,0.452082783,0.428067744,0.451113701,0.489650011,0.501034617,0.493439287,0.823943019,0.662355244
0.481324136,0.446546882,0.441059679,0.43669191,0.456382513,0.4560543,0.455295563,0.433021307,0.454420239,0.492854536,0.503449798,0.499262393,0.825941443,0.664305151
0.487744749,0.455520213,0.449846655,0.444817841,0.464295477,0.463792711,0.462825537,0.437900722,0.461096674,0.499330372,0.508965373,0.504206777,0.826096237,0.668840587
0.489618689,0.458704948,0.45345059,0.448789299,0.467040688,0.46650824,0.465487242,0.440380663,0.463931262,0.502165079,0.51129365,0.507653773,0.825848937,0.671225667
0.485560834,0.451738447,0.446494013,0.442058563,0.461317837,0.461456239,0.461108267,0.43696326,0.46172747,0.499622911,0.508034468,0.508151412,0.825680733,0.671205759
0.484654367,0.451487392,0.447226703,0.443250716,0.461073339,0.461780965,0.461696565,0.437764496,0.462176472,0.499095291,0.507251561,0.509469092,0.824804127,0.671066344
0.48382625,0.452303708,0.449087322,0.445746988,0.460156858,0.461121619,0.461529076,0.439075619,0.463629246,0.498678833,0.506397486,0.510508299,0.824316025,0.672248065
0.482539892,0.450466007,0.446944386,0.443339527,0.459370941,0.459836185,0.459796607,0.43684119,0.461757988,0.497213304,0.505305886,0.510639787,0.824305415,0.672458529
0.479456902,0.449620873,0.44675535,0.442159832,0.457346439,0.459196389,0.459293693,0.435885727,0.461035311,0.496280044,0.502198279,0.509942532,0.819227397,0.672180355
0.476715624,0.448449761,0.445184618,0.438778788,0.454715878,0.45700258,0.458001703,0.434145927,0.460946798,0.494222075,0.498824596,0.508979738,0.811359286,0.671150327
0.472149372,0.445530951,0.44210273,0.435424417,0.450661659,0.452484429,0.453559697,0.431154341,0.456677854,0.489610136,0.494512737,0.508357942,0.806237698,0.669882476
0.470277011,0.444722712,0.441574812,0.43494758,0.448785126,0.450120151,0.450951487,0.429782301,0.453806818,0.487454563,0.492304236,0.507977843,0.802750289,0.668231845
0.469694555,0.444369406,0.441291481,0.434645474,0.448240042,0.449342877,0.449975401,0.428754747,0.451075792,0.486523777,0.491220087,0.507669806,0.79575479,0.666996658
0.468410254,0.44402799,0.441110194,0.434583366,0.447403103,0.44809705,0.44837746,0.42792502,0.447372049,0.484400988,0.488939434,0.507569492,0.781977415,0.664904594
0.465749592,0.442216396,0.439615905,0.434028447,0.445034325,0.445290625,0.445341259,0.427606344,0.443361133,0.482079834,0.485924065,0.50584662,0.770317972,0.662651241
0.461676538,0.438542277,0.43600741,0.431631476,0.441708565,0.441865116,0.441796243,0.425398439,0.439315379,0.47730875,0.481706053,0.501193047,0.75884074,0.657213509
0.45748204,0.43382436,0.431280136,0.427829355,0.437128782,0.437178046,0.436979949,0.42247209,0.434552014,0.472577274,0.476935774,0.49786371,0.750673652,0.654731691
0.453975379,0.430202156,0.427801222,0.424981058,0.433386505,0.433230549,0.432866395,0.420102417,0.430669963,0.469292074,0.473258883,0.496121019,0.726275682,0.654236078
0.4516159,0.427588552,0.425120771,0.422559887,0.43071264,0.430336058,0.429780006,0.417776972,0.426390797,0.466731936,0.4701882,0.493985564,0.709565222,0.654592216
0.451690108,0.428340673,0.425870121,0.423240751,0.430765003,0.430001259,0.429067612,0.418104112,0.424912751,0.467167944,0.470043182,0.492981672,0.707753241,0.655184865
0.451081574,0.428301901,0.42589736,0.423361123,0.430487067,0.42952618,0.428356707,0.418007851,0.423701912,0.466786951,0.4693214,0.491785347,0.714157701,0.655227959
0.450111002,0.427820921,0.4254466,0.423013121,0.429887712,0.428800195,0.427500725,0.417663991,0.422653377,0.465809911,0.468321949,0.490615219,0.719993591,0.655299425
0.449791729,0.428124279,0.425800741,0.423278511,0.429544866,0.428265899,0.426792622,0.417842209,0.422105879,0.465774685,0.467814624,0.489112079,0.721721768,0.655508459
0.449751616,0.428049177,0.425862461,0.423446089,0.429293692,0.428035408,0.426559687,0.417745292,0.421779573,0.465815544,0.467955589,0.488265812,0.724853158,0.654864728
0.449183851,0.427474111,0.425392091,0.423143625,0.428262055,0.426899433,0.425315708,0.416651785,0.419923127,0.465558767,0.467538446,0.487380326,0.726302862,0.654194236
0.448593616,0.427122831,0.425240368,0.423173994,0.427256495,0.425792158,0.424088001,0.416438401,0.417937189,0.464951754,0.466234148,0.486333668,0.725171328,0.652225733
0.44756794,0.426555812,0.424874544,0.423043489,0.426032394,0.42428723,0.422255754,0.416007042,0.415079355,0.463817507,0.464380682,0.484175533,0.725477219,0.650463104
0.445612013,0.424773544,0.423354059,0.421869516,0.423519552,0.421560377,0.419338137,0.414492667,0.411943018,0.461812586,0.461847872,0.482181966,0.723814607,0.648694158
0.443052292,0.422762483,0.421525419,0.420274794,0.421057791,0.419047534,0.416766703,0.412673801,0.409549296,0.459322155,0.459291458,0.479730278,0.72270453,0.64596498
0.440489709,0.420106351,0.418881953,0.417697519,0.41817078,0.416068465,0.413764149,0.410019219,0.406535327,0.456649452,0.456288636,0.477162421,0.722612143,0.645122886
0.439833492,0.419267178,0.418025494,0.41677919,0.417439699,0.415381908,0.413041353,0.40876779,0.405217588,0.45635134,0.455766022,0.476379484,0.723615944,0.645661533
0.438301951,0.417656898,0.416344255,0.414995909,0.416096151,0.414135277,0.41198796,0.40677911,0.404656559,0.454836667,0.454967976,0.475417554,0.723851383,0.646074891
0.438227087,0.417064667,0.415623188,0.414120853,0.416182607,0.41440025,0.412445694,0.405989468,0.405668497,0.454714149,0.455488294,0.474806249,0.723668694,0.646010637
0.43770656,0.415513694,0.41359815,0.411565304,0.415866435,0.414366066,0.412669361,0.404138565,0.406323493,0.454149246,0.455661207,0.474111497,0.719676912,0.646543145
0.436549097,0.41327706,0.410914719,0.408508241,0.414983571,0.413750947,0.412269592,0.401749432,0.406331003,0.452798188,0.455258071,0.473035634,0.71856159,0.646568775
0.435407788,0.411491781,0.408844888,0.406298637,0.414064735,0.412966877,0.411561966,0.39966929,0.405475289,0.451635599,0.454274714,0.47220239,0.719060779,0.646105051
0.433839232,0.410272837,0.40764609,0.405192792,0.412701219,0.411659241,0.410315365,0.398572505,0.404607713,0.450165033,0.452646822,0.471048176,0.719531357,0.64348048
0.43163529,0.408676237,0.405989498,0.403581947,0.410859346,0.409624577,0.40801549,0.396371752,0.402365923,0.447709709,0.450165212,0.468868494,0.721430123,0.639033973
0.428459078,0.405129611,0.402352899,0.400133461,0.407717943,0.406312943,0.404458046,0.393916428,0.399230063,0.444448292,0.447372675,0.466185808,0.723315537,0.637339473
0.426902354,0.4036569,0.401003987,0.398878515,0.406119496,0.404874891,0.403222263,0.392759591,0.398786187,0.442509085,0.445832402,0.464326769,0.723927975,0.63601625
0.425043344,0.401189625,0.398368061,0.39602983,0.404694557,0.403790712,0.402425379,0.390365422,0.398660183,0.440444559,0.444738775,0.462928712,0.723950148,0.634711206
0.422683418,0.39820081,0.395161122,0.392688811,0.402388722,0.401619345,0.400436103,0.387493789,0.397444814,0.438183844,0.442990124,0.461205155,0.724346995,0.633253872
0.421255529,0.396613777,0.393527091,0.39106077,0.400858074,0.400115013,0.398965925,0.385359079,0.396281421,0.436920255,0.441915452,0.459767252,0.722854733,0.632124364
0.419325918,0.395215064,0.39227581,0.389964044,0.399095744,0.398230702,0.396847188,0.383934826,0.393499225,0.435211658,0.439832062,0.457741976,0.721703172,0.630282223
0.418168306,0.394564271,0.391747504,0.38944608,0.397700936,0.396812618,0.395403713,0.383217454,0.392019421,0.434541076,0.438651651,0.457239389,0.720668375,0.630025387
0.417322636,0.393954813,0.391341805,0.38922745,0.396576822,0.395746052,0.394439548,0.383410901,0.391325951,0.433768362,0.437833637,0.457661629,0.717291951,0.630229473
0.41762501,0.394019723,0.391510695,0.389409959,0.396158248,0.395266473,0.393981695,0.383517087,0.391130358,0.434082121,0.437797636,0.457985103,0.710154891,0.630561948
0.417161375,0.393793762,0.391416728,0.389434397,0.395595372,0.394695342,0.393398881,0.383625835,0.390929937,0.434014559,0.437375605,0.458431244,0.700857043,0.630823791
0.416377932,0.39329952,0.391206115,0.389384478,0.394533575,0.393610299,0.392353982,0.38380152,0.390607834,0.433664083,0.436558545,0.45871529,0.687506139,0.63088119
0.415974945,0.392779231,0.390894204,0.389166176,0.393480271,0.392470628,0.391246766,0.383865625,0.389859259,0.433777809,0.43612203,0.459003448,0.681655526,0.63100785
0.415518433,0.392256439,0.39063412,0.389066815,0.392457128,0.391375989,0.3901847,0.384022176,0.389326125,0.433812618,0.435565233,0.460253,0.672204137,0.631120026
0.415699154,0.392463177,0.390708596,0.389383852,0.39290446,0.391831011,0.390627801,0.384983301,0.389535934,0.434024483,0.435754538,0.46240133,0.672286034,0.626700342
0.4173792,0.393387914,0.391715825,0.390449584,0.393720716,0.392622739,0.391532004,0.386177093,0.389894217,0.434984028,0.435783714,0.464750379,0.677385926,0.622465789
0.421303689,0.396762848,0.395149827,0.393737853,0.396580786,0.395314008,0.394126534,0.388323784,0.391361296,0.437880933,0.437358916,0.466972917,0.680535913,0.622913837
0.426031888,0.400623232,0.398588151,0.396829337,0.401654899,0.400426209,0.399202466,0.390633136,0.39616701,0.441309929,0.441069692,0.468846649,0.717581153,0.624641716
0.428670973,0.403359801,0.401147753,0.399195492,0.404989004,0.404047161,0.402967125,0.39231655,0.398744762,0.443220377,0.443785965,0.469000638,0.722251058,0.630182385
0.430237293,0.404421031,0.402107388,0.400020212,0.406616449,0.406014204,0.405215412,0.392861307,0.400938809,0.444907755,0.446096241,0.469230026,0.717636287,0.632466257
0.434377104,0.408858687,0.40683198,0.404873461,0.410921633,0.410378605,0.409599692,0.396596909,0.404083341,0.448745012,0.450008243,0.469767421,0.719831347,0.635032237
0.436293751,0.411128283,0.409210771,0.407371342,0.413001865,0.41242218,0.411665738,0.399122655,0.405776978,0.451015085,0.451919019,0.471210003,0.720414996,0.637529969
0.438010871,0.412594974,0.410695165,0.408942699,0.414802611,0.414305776,0.41362375,0.401380867,0.407966137,0.452924073,0.453858286,0.47266373,0.721405625,0.639061332
0.439127594,0.414042145,0.41223684,0.410456032,0.415889591,0.415414095,0.414844215,0.402932256,0.409723133,0.453834355,0.454959303,0.472937495,0.723875582,0.639104247
0.439528942,0.414548457,0.412513196,0.410564721,0.417053521,0.416654974,0.416080803,0.40279904,0.411204904,0.454378694,0.455734432,0.473209381,0.726362348,0.638772607
0.439683765,0.415177643,0.412998766,0.410869986,0.417880923,0.41747278,0.416935682,0.402865946,0.413402498,0.454465151,0.456082046,0.473271608,0.729565322,0.639211297
0.439518124,0.414698035,0.412370533,0.410240412,0.418175638,0.417943388,0.417546451,0.402447701,0.415272146,0.454136848,0.456094891,0.473169178,0.729511857,0.639059007
0.440608323,0.415710747,0.413300335,0.410955191,0.419151217,0.419008821,0.418789387,0.403296292,0.417132854,0.455020845,0.457199037,0.47374028,0.732158959,0.641915321
0.443000853,0.417961121,0.415603548,0.413206041,0.421141207,0.421048969,0.420935571,0.405160129,0.419251442,0.457197338,0.459758759,0.476205647,0.744855285,0.648366034
0.446049273,0.420916319,0.418331444,0.415636688,0.424818695,0.424928755,0.424997866,0.407731116,0.423564255,0.459853828,0.462974876,0.478022099,0.76186496,0.651455581
0.449170768,0.424063981,0.421530634,0.418882936,0.428029954,0.428194612,0.4283382,0.411428452,0.427640527,0.462834775,0.466385126,0.481939852,0.778819859,0.655114174
0.45347625,0.429109246,0.426876366,0.424559116,0.432270586,0.432382345,0.43261975,0.417526305,0.43212381,0.466687441,0.469846666,0.488540471,0.789610386,0.663407564
0.459774107,0.436626762,0.43505916,0.433487743,0.438939631,0.439125627,0.439356327,0.429106891,0.440191686,0.473396778,0.476236433,0.496995747,0.800133884,0.667752504
0.469564974,0.44627291,0.445206314,0.4441064,0.447390318,0.447398096,0.44763869,0.438422829,0.449746907,0.482910931,0.4854137,0.502631068,0.807222366,0.674468875
0.476462603,0.45267278,0.45137158,0.450094521,0.453729868,0.453502476,0.453592241,0.44473353,0.456054777,0.490751356,0.493576705,0.510101378,0.815729141,0.680187821
0.486353695,0.460024416,0.458057791,0.45625338,0.464209139,0.464912593,0.465714753,0.455210149,0.470707715,0.499941021,0.50518477,0.522908568,0.838088214,0.696796119
0.508427083,0.481119573,0.47862649,0.476345539,0.486530215,0.487847894,0.48907575,0.47774291,0.493915468,0.522294879,0.526979029,0.553350091,0.870293319,0.733116984
0.504085541,0.479697943,0.478715569,0.477885485,0.482972443,0.484109789,0.485458553,0.48118633,0.490096718,0.51925528,0.523156762,0.562280834,0.888319612,0.752692044
0.520853519,0.49617362,0.493541002,0.490832806,0.499217093,0.499211967,0.499453366,0.485278606,0.499401152,0.532983005,0.5374915,0.555511653,0.85394448,0.740795851
0.521598637,0.497653872,0.494852781,0.492189974,0.500212371,0.49945125,0.498766959,0.484109581,0.496168852,0.534153104,0.538486779,0.549486279,0.825203717,0.726724625
0.526980102,0.504540801,0.502770543,0.500817299,0.505021095,0.503867805,0.502950072,0.492235899,0.500307441,0.540877104,0.544451237,0.555993021,0.809220314,0.731297255
0.535460114,0.512033343,0.509989858,0.507676959,0.512880087,0.512069643,0.511457264,0.499468744,0.509091914,0.548157632,0.551772237,0.565949798,0.806863606,0.73913759
0.541653097,0.516952097,0.514798105,0.512440205,0.51780194,0.516849279,0.516236663,0.504476726,0.5137707,0.553901017,0.557476044,0.572801054,0.791272104,0.748551428
0.54924804,0.524965584,0.523055196,0.520994961,0.525443435,0.524109721,0.5230003,0.512081146,0.518772602,0.561220288,0.564183593,0.58008039,0.780239046,0.753679454
0.550431728,0.524492323,0.523006618,0.521385789,0.524832189,0.523925543,0.523304582,0.514373302,0.520961702,0.563250244,0.56598109,0.584057391,0.777945042,0.75515151
0.552925527,0.525251389,0.523619771,0.521800637,0.525859714,0.525146842,0.524662614,0.515785515,0.523232162,0.566655695,0.569093227,0.586893797,0.779244781,0.754525185
0.560985386,0.534289718,0.532685161,0.530916512,0.534225106,0.532831013,0.53160131,0.523934245,0.52844584,0.574181676,0.575751185,0.588414967,0.783931494,0.754674137
0.565870106,0.538689733,0.536768019,0.534744918,0.539552808,0.538021326,0.536424279,0.528102517,0.532951474,0.579498768,0.581298292,0.591109991,0.790476143,0.760355115
0.57335335,0.547416091,0.545453191,0.543402851,0.54823035,0.545900226,0.543257117,0.53552109,0.537708402,0.585907042,0.587431848,0.594002843,0.799634218,0.764818192
0.567812085,0.540795743,0.538717389,0.53665483,0.542402625,0.540807843,0.538691759,0.53066802,0.534142911,0.580474019,0.582252145,0.596439958,0.799694538,0.764024913
0.567353129,0.541018307,0.539230704,0.537458241,0.541506588,0.539664447,0.53731519,0.530898392,0.532448471,0.580355227,0.581299663,0.59847784,0.799700677,0.76698339
0.567366958,0.542360187,0.540775836,0.539215744,0.542251945,0.540267289,0.537789345,0.532278538,0.532469213,0.579946458,0.58100003,0.595884442,0.799702048,0.764281213
0.568799138,0.545030117,0.543450832,0.541817725,0.544083178,0.541909099,0.53936547,0.533613801,0.533113718,0.580773175,0.581452012,0.594461799,0.799312115,0.762613893
0.568205714,0.54459703,0.543109894,0.541557133,0.543661237,0.541535854,0.539098442,0.533711076,0.53332895,0.580180228,0.581087232,0.598105788,0.798917532,0.764409661
0.568377852,0.544751108,0.543386996,0.541912973,0.543712676,0.541669369,0.53939712,0.534636319,0.534716606,0.580883741,0.582097471,0.602893114,0.797515392,0.769363821
0.570189595,0.546876192,0.545532823,0.544149697,0.545853078,0.543624997,0.541242659,0.537167847,0.535844743,0.582638144,0.584171236,0.607211471,0.793270111,0.769090295
0.572134137,0.549297929,0.548000276,0.546660781,0.54819864,0.545816243,0.54342854,0.539237082,0.537723422,0.584355474,0.585768461,0.608112216,0.792584896,0.768317699
0.573184133,0.550367892,0.549011469,0.547619045,0.549480915,0.547139525,0.544783473,0.539766014,0.538149774,0.585166633,0.587096572,0.608582139,0.791349947,0.76756829
0.573605418,0.550410151,0.54904002,0.54766643,0.549720585,0.547379315,0.544984698,0.53996551,0.537952781,0.585619807,0.587503552,0.608351648,0.790574014,0.767044961
0.57553184,0.552523017,0.550982893,0.549461305,0.552278936,0.549787998,0.546982467,0.541087687,0.538523674,0.587027669,0.589409888,0.60709852,0.790649831,0.7668401
0.577151895,0.552998245,0.551384985,0.54974997,0.552885652,0.550352633,0.547421694,0.540611863,0.538919926,0.58866787,0.591412246,0.607276917,0.794381142,0.76738143
0.5790537,0.554395318,0.552680433,0.550919473,0.554262042,0.551890254,0.549097955,0.541138053,0.539371252,0.590857506,0.592917502,0.606698215,0.797354996,0.767131209
0.578899443,0.553759038,0.551980495,0.55019182,0.553834319,0.551642478,0.549040556,0.540711582,0.539583385,0.590819061,0.593020737,0.606480777,0.801131546,0.766203284
0.578360379,0.552137077,0.550153136,0.548087656,0.552498698,0.550645947,0.548334479,0.539160609,0.539372861,0.590319037,0.59228307,0.606272221,0.801802754,0.765441954
0.577801883,0.551846266,0.549953818,0.547986865,0.552090526,0.550231874,0.547938049,0.538600504,0.539160728,0.589817405,0.591985822,0.604046106,0.80143863,0.76388371
0.577400744,0.551713169,0.549814224,0.547689199,0.551808357,0.549928904,0.547635198,0.538148463,0.538124382,0.589509189,0.591665447,0.600535512,0.801925063,0.759500504
0.579132915,0.553883493,0.55183363,0.549632549,0.554244876,0.55180347,0.548779666,0.539635837,0.53802067,0.591364563,0.593581915,0.599648476,0.827778518,0.761395574
0.583817601,0.558994591,0.557225645,0.555244088,0.558224082,0.555236638,0.552026868,0.545352101,0.540415585,0.596241713,0.597637296,0.600157022,0.869184375,0.766188443
0.585940301,0.559712291,0.558677554,0.557482004,0.557480276,0.554553092,0.55150491,0.551141858,0.541734099,0.599868119,0.601535201,0.602070928,0.889461517,0.775587916
0.58997786,0.561650395,0.559925079,0.558085799,0.560374141,0.557440639,0.553599954,0.55059582,0.544327319,0.60318923,0.606495023,0.600781739,0.88348496,0.774764538
0.588864326,0.5606848,0.558860898,0.557208061,0.560033321,0.557389617,0.553687394,0.550689757,0.544697523,0.601442099,0.60466969,0.591599584,0.878624618,0.774217308
0.589268744,0.560180664,0.558187604,0.556484818,0.559761882,0.557164133,0.554076612,0.550012529,0.547200322,0.602122426,0.605574131,0.591045916,0.879180729,0.773240983
0.589079618,0.55986923,0.557816029,0.556100428,0.559594989,0.557107449,0.554331124,0.546722829,0.547554374,0.601907253,0.605964005,0.586879194,0.875944018,0.769184768
0.588661075,0.559626222,0.557562172,0.555891812,0.559324861,0.556874931,0.554234266,0.546030641,0.54818064,0.601870775,0.605332673,0.587526798,0.869402885,0.772685409
0.578538001,0.549311519,0.54770124,0.546173513,0.550007701,0.548815548,0.547403216,0.544543445,0.546398282,0.596691608,0.598649323,0.592079639,0.865759075,0.777999341
0.5659374,0.539770186,0.538740814,0.537946343,0.541135669,0.540685296,0.539959073,0.539961696,0.542162299,0.586470783,0.587940037,0.593585134,0.863993645,0.777038991
0.554908156,0.530354917,0.529291511,0.528547764,0.532498598,0.532304883,0.531955779,0.531942487,0.535997033,0.575755954,0.577162743,0.593767285,0.842695892,0.776491106
0.549254894,0.526175141,0.525270939,0.524678648,0.526104748,0.524866641,0.523737311,0.528493822,0.529740691,0.570369124,0.569858968,0.593952537,0.823242009,0.776408017
0.544245541,0.520370424,0.5196805,0.519370675,0.520505667,0.519596815,0.518862069,0.524992943,0.526560247,0.564784288,0.564262688,0.593998551,0.812460423,0.775965154
0.536202967,0.514328718,0.514559805,0.514961362,0.512775004,0.512136757,0.511906743,0.52279979,0.520880103,0.556170285,0.555116296,0.594450355,0.800534725,0.775924742
0.533050358,0.511683345,0.511860847,0.512215436,0.510012805,0.509358525,0.509241223,0.520498693,0.518774569,0.552253604,0.551363766,0.594237685,0.788319111,0.775686264
0.529882789,0.50810349,0.508401275,0.508861899,0.506803572,0.506385386,0.506474674,0.518218756,0.516203165,0.548899949,0.548208833,0.594134092,0.779494107,0.774470091
0.528963804,0.506878495,0.507398129,0.50803256,0.505802453,0.50590837,0.506488681,0.517818332,0.517249227,0.548185945,0.547921538,0.59422636,0.775210202,0.774525642
0.526601434,0.504466295,0.505029321,0.505741715,0.50370121,0.504129827,0.504949391,0.516330481,0.517022133,0.546906054,0.546830058,0.594237685,0.776025057,0.774263978
0.525851667,0.503759921,0.504383504,0.505145729,0.502925932,0.503422558,0.504341304,0.515629351,0.517021418,0.546177268,0.546686292,0.593898118,0.773567498,0.770354629
0.525273561,0.501740098,0.502048492,0.502728105,0.502805769,0.503804147,0.505169988,0.514386117,0.517866015,0.545585752,0.547351003,0.593878925,0.764198303,0.770005941
0.523763895,0.499742359,0.49987179,0.500512183,0.501922965,0.503292799,0.505107045,0.512903154,0.518378198,0.544713795,0.547281027,0.593935132,0.764388263,0.77659452
0.522584498,0.498015642,0.497977734,0.498503983,0.50100714,0.502605557,0.504625678,0.511218429,0.518830895,0.543670535,0.546548188,0.594008803,0.758431077,0.781996489
0.522425056,0.498058558,0.497882694,0.498286307,0.501263499,0.502934575,0.505023241,0.510869145,0.518875778,0.543550849,0.546590269,0.59426111,0.751698852,0.781662762
0.522179067,0.497419506,0.497086436,0.497372806,0.501371801,0.503203213,0.505360901,0.510013759,0.519096732,0.542907834,0.546454132,0.594271421,0.755224586,0.781104982
0.519954443,0.495738894,0.495520025,0.495911509,0.499589026,0.501631379,0.503947914,0.508845568,0.518748641,0.541701913,0.544919789,0.593664348,0.758167148,0.780978084
0.51842916,0.494734943,0.494566113,0.494970232,0.498177618,0.500112057,0.502331376,0.508004487,0.517888844,0.540791452,0.543448806,0.59148252,0.757015109,0.771613419
0.519588053,0.495813906,0.495629311,0.495982796,0.498965442,0.500739753,0.502835751,0.508450329,0.518085539,0.541317999,0.544027209,0.591778874,0.759606004,0.771666884
0.5200845,0.4963153,0.496096432,0.496392787,0.499444336,0.501155019,0.503179789,0.508252919,0.518169999,0.541449606,0.544154048,0.591889679,0.761384904,0.768354297
0.51485759,0.492875963,0.492899418,0.493407577,0.494446367,0.495798022,0.497594833,0.506941974,0.5143677,0.538598061,0.540340543,0.590573013,0.757681608,0.763819814
0.514038801,0.492283821,0.492438257,0.493021429,0.493295431,0.494488627,0.496080965,0.506418526,0.512241364,0.537632883,0.539064288,0.589302242,0.757061779,0.762351513
0.514760375,0.492694616,0.492879242,0.493463576,0.49357003,0.494743407,0.496371269,0.506575704,0.512683094,0.538082719,0.539495051,0.58889389,0.768312573,0.761825442
0.515378594,0.493064225,0.493043244,0.493605763,0.493973881,0.495007128,0.496463925,0.506688654,0.512595654,0.538437009,0.539627194,0.587806046,0.768880606,0.758745611
0.516485333,0.494995266,0.494965255,0.495402336,0.4958902,0.496950775,0.498417556,0.507456839,0.513983548,0.539130747,0.539966524,0.588416219,0.77092433,0.759805679
0.519224584,0.497415304,0.497324318,0.497682273,0.498690844,0.499857575,0.50131613,0.508881927,0.516873956,0.5411762,0.542015851,0.589707971,0.777415395,0.760286689
0.52533865,0.502114892,0.501879394,0.502111852,0.504493177,0.505907297,0.507702708,0.512377739,0.522690892,0.545957267,0.548071861,0.594295382,0.776373267,0.760683
0.531101942,0.507907212,0.507281959,0.507165134,0.511409342,0.512978256,0.51484859,0.516925693,0.52866894,0.551947296,0.555198431,0.600097656,0.775738239,0.763550282
0.533625364,0.510808587,0.510213733,0.510100424,0.514166117,0.515660942,0.517495036,0.519851327,0.53077656,0.554914534,0.55820477,0.603018165,0.776475787,0.764772177
0.534825981,0.512503684,0.512014568,0.51198107,0.515487432,0.516875625,0.518641531,0.521641612,0.531829655,0.556124568,0.559129298,0.605223775,0.779340208,0.766763389
0.535739183,0.513916135,0.513580203,0.513684154,0.516501009,0.517865181,0.519621491,0.523302853,0.532606602,0.557173073,0.559905648,0.608688354,0.792373061,0.77572453
0.536439657,0.514648497,0.514549136,0.514926314,0.516959965,0.518329501,0.520118356,0.525320411,0.533653915,0.55791682,0.560285747,0.61114496,0.796013772,0.776971459
0.537273109,0.515290558,0.515333295,0.515834808,0.517120063,0.518418908,0.520178914,0.526969552,0.534369409,0.558866382,0.56084764,0.613922,0.79585433,0.781692624
0.539830983,0.517440915,0.51744771,0.517957807,0.519001365,0.520208657,0.521933079,0.529721498,0.536238492,0.561408758,0.563260436,0.618184268,0.798663139,0.786148667
0.545037091,0.521708727,0.521218896,0.521332979,0.524555087,0.525899291,0.527571678,0.532564521,0.540404439,0.565926135,0.568602383,0.623081386,0.805136383,0.789155841
0.548426151,0.525441945,0.5248487,0.524863839,0.528229237,0.529490411,0.531057835,0.535615504,0.542999625,0.569167316,0.57184577,0.625384688,0.804519832,0.791089654
0.549243867,0.525987029,0.525696814,0.52596581,0.528129876,0.52923429,0.53075546,0.536812246,0.543589294,0.569705307,0.572071433,0.625486016,0.804574132,0.790590405
0.5481264,0.525623024,0.525589824,0.525972366,0.527044356,0.528018713,0.529431283,0.53591603,0.54240936,0.568359315,0.570658088,0.623396039,0.805829406,0.78980583
0.547310531,0.52519536,0.525222898,0.525603652,0.526388407,0.527321458,0.528653622,0.535269499,0.541699767,0.567510962,0.569874704,0.622702301,0.813391805,0.789537489
0.54698956,0.525295615,0.525410295,0.525817156,0.526143372,0.526991129,0.528211355,0.535101533,0.541262627,0.56697613,0.569291532,0.620875537,0.823685527,0.786429226
0.547425091,0.525879323,0.526069522,0.526481688,0.526435733,0.527126491,0.528135777,0.535322309,0.540840328,0.566956043,0.568852186,0.61895299,0.830323696,0.785790324
0.550773978,0.528701723,0.528608918,0.528797507,0.52936995,0.529586554,0.530118108,0.536566973,0.541311204,0.569835782,0.571302831,0.618752003,0.838814139,0.785649657
0.55124867,0.529038131,0.528786778,0.528843582,0.530170321,0.530382633,0.530841053,0.536632299,0.541464806,0.570295691,0.571882427,0.618137479,0.840715885,0.785514653
0.552901983,0.530789852,0.53043884,0.530349672,0.53181541,0.531950414,0.532398701,0.537334263,0.542391837,0.572514951,0.574112654,0.617983937,0.843043029,0.785365343
0.553238392,0.531019151,0.530528605,0.530284166,0.53238368,0.532565832,0.533046007,0.537233353,0.542863309,0.572915018,0.57441169,0.617744803,0.841636181,0.785213113
0.55303514,0.530797005,0.530285358,0.530013382,0.532276154,0.532540321,0.533082962,0.537077427,0.542980075,0.572659373,0.574196279,0.616837561,0.839514256,0.785036504
0.553181052,0.530946434,0.530377746,0.530023694,0.532524705,0.532781303,0.533301353,0.536957324,0.5430668,0.572810531,0.574348092,0.616812527,0.84031713,0.784932733
0.552933335,0.530709445,0.530188739,0.52993089,0.532299221,0.532587349,0.533131838,0.536560118,0.54298526,0.572587252,0.574116588,0.615616202,0.84086287,0.784916997
0.55275315,0.530584931,0.530061364,0.529786587,0.532121003,0.532428861,0.533004344,0.536527634,0.54294467,0.572405398,0.573979735,0.614950001,0.839328766,0.784107625
0.552666366,0.530483365,0.529991865,0.529719293,0.531879067,0.532161176,0.53268683,0.536249578,0.542600691,0.572259068,0.573655486,0.614447892,0.84002763,0.784916103
0.552282035,0.530093193,0.529639721,0.529372573,0.531265557,0.531581283,0.532106996,0.535494447,0.54217267,0.571676612,0.572892964,0.612521648,0.842178941,0.784898639
0.552184045,0.530001402,0.529548109,0.529286802,0.531214118,0.531542659,0.532071233,0.535321593,0.542161465,0.571582913,0.572805285,0.611800671,0.846206307,0.785019279
0.55213958,0.529928565,0.529484868,0.529220343,0.531191826,0.531503499,0.532029212,0.535256982,0.542124867,0.571547866,0.572782815,0.611094236,0.854368031,0.786203682
0.552110195,0.529895663,0.529461503,0.529185891,0.530992806,0.531255305,0.531749785,0.535179496,0.541850686,0.571502984,0.572732747,0.610407233,0.858615041,0.787135959
0.551239014,0.528544307,0.528477371,0.528517723,0.52866286,0.528970003,0.529552519,0.534998536,0.540263891,0.570676267,0.571531594,0.609862864,0.861392677,0.78706646
0.54957211,0.527405083,0.527883172,0.528343558,0.526104867,0.526199818,0.526622415,0.535024345,0.537384629,0.569128871,0.569598019,0.609621167,0.863854527,0.787010491
0.549612939,0.527510405,0.528055847,0.528485954,0.525811434,0.525638938,0.525869071,0.535011053,0.53730917,0.569256485,0.570137978,0.609642804,0.867479444,0.78438735
0.548275173,0.525784194,0.526457846,0.52682364,0.523701072,0.52352488,0.52388227,0.533769488,0.536309421,0.56902051,0.570088327,0.609824598,0.867737174,0.782812297
0.538683832,0.518739045,0.520479143,0.522403955,0.515358388,0.514873624,0.514821649,0.533466578,0.527495384,0.563028336,0.561942637,0.611181676,0.866948485,0.782856464
0.524177432,0.508289397,0.510567605,0.513475835,0.504515052,0.503576517,0.502709687,0.53223145,0.519687772,0.549439311,0.544062912,0.613899708,0.857033908,0.782266855
0.51788187,0.503275275,0.50600642,0.510957837,0.4999865,0.499323845,0.498721421,0.531658292,0.519640625,0.543767691,0.538521051,0.620712817,0.838269114,0.78231287
0.516646028,0.502535701,0.505583584,0.510195136,0.498475224,0.497682869,0.496988237,0.531677485,0.517913103,0.544232786,0.538200736,0.623122633,0.819682777,0.781410098
0.518620372,0.503466129,0.506364942,0.510369956,0.499327749,0.498484552,0.497849464,0.531691551,0.518895984,0.546767652,0.541306973,0.624225974,0.809176564,0.773078144
0.520883679,0.505034864,0.507597327,0.511006951,0.501173377,0.500361621,0.499756038,0.530905128,0.519931793,0.54817158,0.543558538,0.625313103,0.788899422,0.773867965
0.527458787,0.508410096,0.510300457,0.512656093,0.504944682,0.504052162,0.503215015,0.530898273,0.520017505,0.551949561,0.54873991,0.626467943,0.778522551,0.774519742
0.529572725,0.509715915,0.511330307,0.513209105,0.506599486,0.505757272,0.504921198,0.530863643,0.520155668,0.553529859,0.551232576,0.627427101,0.773239493,0.775170445
0.52962029,0.509976804,0.511517167,0.51354754,0.507964671,0.507515073,0.506967187,0.530115783,0.520449996,0.553518832,0.551344991,0.627187371,0.767103255,0.781674743
0.530396581,0.510161161,0.511565149,0.51373291,0.508178651,0.507642865,0.507035613,0.530119002,0.52199024,0.554859519,0.55408901,0.626709819,0.767910242,0.782209456
0.532586277,0.511544526,0.512731671,0.514444709,0.50959456,0.508967936,0.508315921,0.530147195,0.524227619,0.55766803,0.557969332,0.626517475,0.767777741,0.78217113
0.535422444,0.512960374,0.514006615,0.515482426,0.510917127,0.510271847,0.50967443,0.530500352,0.525871098,0.56110841,0.562478185,0.62635988,0.770746529,0.781989217
0.540698767,0.516230464,0.517405272,0.52757597,0.51375401,0.513026178,0.512400031,0.534885287,0.527733505,0.567012191,0.568276644,0.626307368,0.772006512,0.780275524
0.540034473,0.516520977,0.517718256,0.527467608,0.514008403,0.513272166,0.512677968,0.534713328,0.528029323,0.565990925,0.566947937,0.626250267,0.773429632,0.778508782
0.540205836,0.517124176,0.518235266,0.526863575,0.514686465,0.513950467,0.513377309,0.534600496,0.528283596,0.56569469,0.566976368,0.626131594,0.775304139,0.776490688
0.540117383,0.517059624,0.51814115,0.524995506,0.514611423,0.513813913,0.513179719,0.533897102,0.528115153,0.565142632,0.566542804,0.625783801,0.776655912,0.776580215
0.539799988,0.517165303,0.518249214,0.524733484,0.514710963,0.513882041,0.513218403,0.53384316,0.528183937,0.564811528,0.566003263,0.625717819,0.780523419,0.778761446
0.540369749,0.518445611,0.519491792,0.524189651,0.515935302,0.51505959,0.514345825,0.533814073,0.52831924,0.564666867,0.565959215,0.625603676,0.793332696,0.779684544
0.541260839,0.519867301,0.520922482,0.524249434,0.51733321,0.516458869,0.515739799,0.534591794,0.529230952,0.565041363,0.566336334,0.625406802,0.802089512,0.779560804
0.539834976,0.518778205,0.51984036,0.52233696,0.516339481,0.515541494,0.514923692,0.533465385,0.529078364,0.563119948,0.565108478,0.623001039,0.804448783,0.779173672
0.538460612,0.518134475,0.519151092,0.52122885,0.516175151,0.515524507,0.514876604,0.532615781,0.528924882,0.560960293,0.562600136,0.619761348,0.805734456,0.779091477
0.537326217,0.516810536,0.517814279,0.51951468,0.515155256,0.514864802,0.514441967,0.531106651,0.528304458,0.559892058,0.561254203,0.615570009,0.804292202,0.779052854
0.532148838,0.513605714,0.514715433,0.516160846,0.511868119,0.511729181,0.511496425,0.52925396,0.52676183,0.55659008,0.557415128,0.612053692,0.80279398,0.779181659
0.526258349,0.508360922,0.509703517,0.511088431,0.506197214,0.506047845,0.513732314,0.524285793,0.52206105,0.551194727,0.551305532,0.608251274,0.789985359,0.779307604
0.523315012,0.505515754,0.506972671,0.508433938,0.503150702,0.502994418,0.516043901,0.52132827,0.519445181,0.548404396,0.548196375,0.607022583,0.779527545,0.778769493
0.524676204,0.506456137,0.507850826,0.509296179,0.504136682,0.503920436,0.511334538,0.521458626,0.519562781,0.549118996,0.549173176,0.607013106,0.775641382,0.776255965
0.527443349,0.508185983,0.509288669,0.510330796,0.50635004,0.506212234,0.511389136,0.521789193,0.519933105,0.549713969,0.549767613,0.60778439,0.770774722,0.77681911
0.528935671,0.508651376,0.509926617,0.51121676,0.506913424,0.506879985,0.511317492,0.523375094,0.520465016,0.550747573,0.550807297,0.608313859,0.768844008,0.775712013
0.530270934,0.50941819,0.510928273,0.512586713,0.507685184,0.507739842,0.511365056,0.526164889,0.521803141,0.551902771,0.552020669,0.608585238,0.763912082,0.775566161
0.530941963,0.509963095,0.511683524,0.513579726,0.508294344,0.508494198,0.511403322,0.528280139,0.522852063,0.552237391,0.552129149,0.608778954,0.760564685,0.77657932
0.530979216,0.510159612,0.512148857,0.514329553,0.508341372,0.508567691,0.52450496,0.529918194,0.523736596,0.552856803,0.552381396,0.609546065,0.757856727,0.778381348
0.530862212,0.510267735,0.512208521,0.514349818,0.508405089,0.508604765,0.518652022,0.530419946,0.52461344,0.553022683,0.552661777,0.609805346,0.759452343,0.781072736
0.532235563,0.512865424,0.514954448,0.517186284,0.510935247,0.511190772,0.518219352,0.532351255,0.527694345,0.554498911,0.554044366,0.6099751,0.761585593,0.780088961
0.533509433,0.514667869,0.516746402,0.523921669,0.512685359,0.513101697,0.530683398,0.533699572,0.530470133,0.555859447,0.556524813,0.610093236,0.763526618,0.779891551
0.535955787,0.516183436,0.517952323,0.523283601,0.514676094,0.515160382,0.532696128,0.533606648,0.531339049,0.55808717,0.559695303,0.611076236,0.781574428,0.779855907
0.536591709,0.516630471,0.518158913,0.522847474,0.515219033,0.515630364,0.527517676,0.533479333,0.531093419,0.558870912,0.560477197,0.614682078,0.794751108,0.780853152
0.536326289,0.515937924,0.517514646,0.521267772,0.514104187,0.514215291,0.517910898,0.532869041,0.529637277,0.558827281,0.560454845,0.617091477,0.807544529,0.776157022
0.532073081,0.512064755,0.513896286,0.516823411,0.50944823,0.509094477,0.508868039,0.532377839,0.527365446,0.556694806,0.55722332,0.618362784,0.816374183,0.769597352
0.523808599,0.506271243,0.508504689,0.511449218,0.50301528,0.502473891,0.501420617,0.531227291,0.52232945,0.55108875,0.548937559,0.619463742,0.821277261,0.769977331
0.520776629,0.503094852,0.505678058,0.508933842,0.499112278,0.498363316,0.49705863,0.530709088,0.519639254,0.549130142,0.546369433,0.619224966,0.821295619,0.770180702
0.520135283,0.502349257,0.505317926,0.510388315,0.497909069,0.497070253,0.496004403,0.530704737,0.518176973,0.548917532,0.545373321,0.619120955,0.820281386,0.769873619
0.519541144,0.502236724,0.505498469,0.512380898,0.497147024,0.496269464,0.49526763,0.530780196,0.517889202,0.548970163,0.544934154,0.619094968,0.81806165,0.770056009
0.518382132,0.50183928,0.505248964,0.514620662,0.496571958,0.49561891,0.494610608,0.530975819,0.51771462,0.548272729,0.544117332,0.618291855,0.819089532,0.770284295
0.519105136,0.502078235,0.516235411,0.518316984,0.497441471,0.496568114,0.495899349,0.531528771,0.517295003,0.548766673,0.544771969,0.617834389,0.825272083,0.768996596
0.519720852,0.502174735,0.519681931,0.519856513,0.49790138,0.49698177,0.496244252,0.532362163,0.516166389,0.548826098,0.545062423,0.617781639,0.8228091,0.769682467
0.520179331,0.502783835,0.520370364,0.520273805,0.49826774,0.497347444,0.4966456,0.533695936,0.515858293,0.548959017,0.545074582,0.618035436,0.824062645,0.769122183
0.519959152,0.503165603,0.520158827,0.520231843,0.498278201,0.497304618,0.496436834,0.535330057,0.515588582,0.548883915,0.544464827,0.619705796,0.823997378,0.769265115
0.520048618,0.503563166,0.520290971,0.520349324,0.498438776,0.497497171,0.496729314,0.53816998,0.515759468,0.549157739,0.544637561,0.621854961,0.826093793,0.769355774
0.524165571,0.51157856,0.521734774,0.524731278,0.500593007,0.498766035,0.497497797,0.54278481,0.516765177,0.555335999,0.546045423,0.622466624,0.838787675,0.767319918
0.523756146,0.510586679,0.52137202,0.523026109,0.500501096,0.498795688,0.497607529,0.542326093,0.516514182,0.553584635,0.545669317,0.622332931,0.83484906,0.76759702
0.523582578,0.510191321,0.516712964,0.522902608,0.500689149,0.499160856,0.49793154,0.543041348,0.516887546,0.553519249,0.545684457,0.624807119,0.832285583,0.769589782
0.520261884,0.505632937,0.508470654,0.51366818,0.499140322,0.497946978,0.496860832,0.538044333,0.516240001,0.547506928,0.542099237,0.624667287,0.822103381,0.776347041
0.517827094,0.501560807,0.509604216,0.514151633,0.495649755,0.494535625,0.493532658,0.535912871,0.513622344,0.54438597,0.538273871,0.622012854,0.815740883,0.776072204
0.51395905,0.496388912,0.500651658,0.513863146,0.492106915,0.491344392,0.490672976,0.53199774,0.511143148,0.540928185,0.535652101,0.618023098,0.810553432,0.773040116
0.512710035,0.494686514,0.49748078,0.50425452,0.491238773,0.490568399,0.490002483,0.527845621,0.510584474,0.538375974,0.533747077,0.615106225,0.805163205,0.769954503
0.513136566,0.495707452,0.499716103,0.505532384,0.491628796,0.490878105,0.490356982,0.528407931,0.520140588,0.539542258,0.534727693,0.615359783,0.806608379,0.770932138
0.513295114,0.495914459,0.501141489,0.506558776,0.492023408,0.49129954,0.490683496,0.5287112,0.518309414,0.540283799,0.535405934,0.615656853,0.807910442,0.776307464
0.514935017,0.497559458,0.501632988,0.507242441,0.493701756,0.493009806,0.49234882,0.52887547,0.51805681,0.540612638,0.535832107,0.615789115,0.805651069,0.77959621
0.516613126,0.499138027,0.501860261,0.514025033,0.495392323,0.494781971,0.494181544,0.529051244,0.51793474,0.541755795,0.536814034,0.616465449,0.795431793,0.780362785
0.516700149,0.499517202,0.502327561,0.512968421,0.49569124,0.495136678,0.494571298,0.528944254,0.517741203,0.542046428,0.53707087,0.62137574,0.795156419,0.785268188
0.516786933,0.500034451,0.502745211,0.511989176,0.496489435,0.496014208,0.495509326,0.528867662,0.517704606,0.542256474,0.537260652,0.626780033,0.795922041,0.794782043
0.519076705,0.502925813,0.504551232,0.512002468,0.499636233,0.499050379,0.498517215,0.528934717,0.517899156,0.542909741,0.539004624,0.629484057,0.797535002,0.797246218
0.519783854,0.504232228,0.505483985,0.512007117,0.500964761,0.500330448,0.499747455,0.530063152,0.519637108,0.543562055,0.539762855,0.633757412,0.79812181,0.804905772
0.524838746,0.50931567,0.510688066,0.515076756,0.505960107,0.505169749,0.521109998,0.535399973,0.524101079,0.549286366,0.54501617,0.639199138,0.800589859,0.809983134
0.528141201,0.512730658,0.514316857,0.517662883,0.509360492,0.508536994,0.529997706,0.540009618,0.528231144,0.553037882,0.548571646,0.642602205,0.803976238,0.809255421
0.533762813,0.517320573,0.51931262,0.522433639,0.513420463,0.512458444,0.536635876,0.546791077,0.532922089,0.5596627,0.556028783,0.644235313,0.807127357,0.808254421
0.537627161,0.52101171,0.523239315,0.526316881,0.517021775,0.516036153,0.53052032,0.551184714,0.543915927,0.563945472,0.559702158,0.64821589,0.814228714,0.808782697
0.539915025,0.523489714,0.52579248,0.528743863,0.519416153,0.518509805,0.540557981,0.553253055,0.550406516,0.566617548,0.562425256,0.646705985,0.818710208,0.807114899
0.540111423,0.524092019,0.526383042,0.52921015,0.52026093,0.519513905,0.53949964,0.553641975,0.546778023,0.565936446,0.561954021,0.645136058,0.819688976,0.80134058
0.540493846,0.524112344,0.526286721,0.528966665,0.520484328,0.519745886,0.53875196,0.5544976,0.544377267,0.566252589,0.563012123,0.644214809,0.820812047,0.800867915
0.540690243,0.52343595,0.525562346,0.528321564,0.519937396,0.519114614,0.534064591,0.553073049,0.543223441,0.565786719,0.562625289,0.641228795,0.820634723,0.796117544
0.548906982,0.527650476,0.529224336,0.536397874,0.525474787,0.524906993,0.530739188,0.55441165,0.54893434,0.575903773,0.57136476,0.636761963,0.82813561,0.794693351
0.550055027,0.528983593,0.530122399,0.534754515,0.527204871,0.52653873,0.529063106,0.553564131,0.547351956,0.575812697,0.571558952,0.632571101,0.836342454,0.794768929
0.556326568,0.533634305,0.534460664,0.536584496,0.531095624,0.53018558,0.530399084,0.553008497,0.55187875,0.578270912,0.576521218,0.627226889,0.845245004,0.79488337
0.554210484,0.532415986,0.533750474,0.53594017,0.529216051,0.528283775,0.530075848,0.551548064,0.543363094,0.576788068,0.575015962,0.620950103,0.855253816,0.789145112
0.553566635,0.531361759,0.53288877,0.535222948,0.528470814,0.526331782,0.524892569,0.547020435,0.533553541,0.576598048,0.574820876,0.616983414,0.863429248,0.780755162
0.552529931,0.530800283,0.532561541,0.534444213,0.52836746,0.526103973,0.523572266,0.541228354,0.531491995,0.575819016,0.57419312,0.616893172,0.879688621,0.782082438
0.551820219,0.530395091,0.532317281,0.533894598,0.528061032,0.525792062,0.523278117,0.539675713,0.531696916,0.575570047,0.57426703,0.618651032,0.910305202,0.777373493
0.551428199,0.530004621,0.532056689,0.533157229,0.527221024,0.525199056,0.523209035,0.53678906,0.531230628,0.575216889,0.573982596,0.617698669,0.894431293,0.768136442
0.549692571,0.527564049,0.528416276,0.528361917,0.525172651,0.523667872,0.521878898,0.531971991,0.529757619,0.572406769,0.573097587,0.615454257,0.897601604,0.763685346
0.544883609,0.523224235,0.52358228,0.523411274,0.521129966,0.520249605,0.519121051,0.528947592,0.52741313,0.566212714,0.56785351,0.612487853,0.907790959,0.76231885
0.541036367,0.51994592,0.520185053,0.520181298,0.517788768,0.51725781,0.516704023,0.527268529,0.526208341,0.561810076,0.564014077,0.611076951,0.919875324,0.763222992
0.539327919,0.5181458,0.518280745,0.518311858,0.516288877,0.515968859,0.515772104,0.526002884,0.526010275,0.559970975,0.562416434,0.610533237,0.921500564,0.76561594
0.537083745,0.515527368,0.515434861,0.51559943,0.514505029,0.514310479,0.514309168,0.524180293,0.525723457,0.557462156,0.560266316,0.609310329,0.910599709,0.767040968
0.533516407,0.511609852,0.511026919,0.511042178,0.511998177,0.511993647,0.512184203,0.521128058,0.524448156,0.554103315,0.556782603,0.606356978,0.906051636,0.767786324
0.531760216,0.508468509,0.507412493,0.507222652,0.510574698,0.510832608,0.511168242,0.517851472,0.524041235,0.551882446,0.555290103,0.603964329,0.89739275,0.769043028
0.529799819,0.506010413,0.504916489,0.504830897,0.509268701,0.509835303,0.510357559,0.516166389,0.523285031,0.549802899,0.55324173,0.599862695,0.893363178,0.769335687
0.529787779,0.506059527,0.505105257,0.505063415,0.508988917,0.509536624,0.510047436,0.515900075,0.5225389,0.549496055,0.552901387,0.59753412,0.890780628,0.769304276
0.529059589,0.505550921,0.504849076,0.50492996,0.50815016,0.508689404,0.50922668,0.515436053,0.521915555,0.548867285,0.552298903,0.594870627,0.885145366,0.764801383
0.528517365,0.504934967,0.504280627,0.504295945,0.507604659,0.508227706,0.50882566,0.514293969,0.521292567,0.547978818,0.551549196,0.593024313,0.875687242,0.764570057
0.528905034,0.505478263,0.504758477,0.504675031,0.507945776,0.508470118,0.509053349,0.514050424,0.521414101,0.54794836,0.551639855,0.592382789,0.874426007,0.765112102
0.529282451,0.505748987,0.505159974,0.505238593,0.508568287,0.509285212,0.509861648,0.51454401,0.521442294,0.548297226,0.552018046,0.592322469,0.869277179,0.765468121
0.529531837,0.50602448,0.505542755,0.505694985,0.509097755,0.510299444,0.511286557,0.51430285,0.522690952,0.548523903,0.55227983,0.59178412,0.86922425,0.764462411
0.533670306,0.508596182,0.507374823,0.506561697,0.513343394,0.515034914,0.516547322,0.514562964,0.528517902,0.550729454,0.55694145,0.592193723,0.867008805,0.764334857
0.539219677,0.514145076,0.512085795,0.510053098,0.519858956,0.521944344,0.523888052,0.514840305,0.534347475,0.5557881,0.563853085,0.592698693,0.863135219,0.767229676
0.546021342,0.522331059,0.519671023,0.51677525,0.52711767,0.528340638,0.529731274,0.516786397,0.537687302,0.562420011,0.570536852,0.59263289,0.849516213,0.767351985
0.554858208,0.530347407,0.527117074,0.523608208,0.53543067,0.536461115,0.53759706,0.518667877,0.542029023,0.569311559,0.578130424,0.591662169,0.847004712,0.766139567
0.558657706,0.533116102,0.529693246,0.52611959,0.53833425,0.539013565,0.539749265,0.520017385,0.543259203,0.572659791,0.58024919,0.591540813,0.841229558,0.767719328
0.559366405,0.533149362,0.529357791,0.525647223,0.539354086,0.540271401,0.541113853,0.520490646,0.544332325,0.573524117,0.580941975,0.591665745,0.8422364,0.769959271
0.561414719,0.535261333,0.531291544,0.527374208,0.541665792,0.542520404,0.543246865,0.52177012,0.545946598,0.57469666,0.582120299,0.591815531,0.84562093,0.771127582
0.562382281,0.536362529,0.532521129,0.528680205,0.542134225,0.542683542,0.543170094,0.522846639,0.545626521,0.575672328,0.582482934,0.591874003,0.847119153,0.775488555
0.560768127,0.535321116,0.531769991,0.528161943,0.541011035,0.5418185,0.542580962,0.523120761,0.54584235,0.574892342,0.582228541,0.591896355,0.847879231,0.776044548
0.559392452,0.534144521,0.530803859,0.527435958,0.53963995,0.540486932,0.541330159,0.523100019,0.545282662,0.574260831,0.582081914,0.592386901,0.857718647,0.775779843
0.558135867,0.533666968,0.53025949,0.526774287,0.539397597,0.540115952,0.540943742,0.52294004,0.544515014,0.574101985,0.581677139,0.59267658,0.861258864,0.77544409
0.557931125,0.533440709,0.530012488,0.526638567,0.538569927,0.538923383,0.539336801,0.522579491,0.542193115,0.573577821,0.581074357,0.593495429,0.865522504,0.773712754
0.55338335,0.527435839,0.524385095,0.520693421,0.532188535,0.532822728,0.533327758,0.519819856,0.538544834,0.57000649,0.578940272,0.593437672,0.866742015,0.771727562
0.552435338,0.525622606,0.523258388,0.520075202,0.52887696,0.529096365,0.529240012,0.519840002,0.533956885,0.569959819,0.576445282,0.593446851,0.862414002,0.771246791
0.551423192,0.525160968,0.523122728,0.520095587,0.527426243,0.527374506,0.527304888,0.520012498,0.531439662,0.569900572,0.57393086,0.593556166,0.861442387,0.771309793
0.550569654,0.52486521,0.523034453,0.520111799,0.526471198,0.526255369,0.526059568,0.52006042,0.529358387,0.569835424,0.571770847,0.593958497,0.855379105,0.771369338
0.548290014,0.523065329,0.521685004,0.519429982,0.524146914,0.523869216,0.523647666,0.520078599,0.527239203,0.5679878,0.56867218,0.594034731,0.84849751,0.772816539
0.544825912,0.520703912,0.519559324,0.517934144,0.521800101,0.52162236,0.521476507,0.519676507,0.525385737,0.564414144,0.564902425,0.593778193,0.850617588,0.773379266
0.54399848,0.520388246,0.519263983,0.517815411,0.521331489,0.52102834,0.520785391,0.519692302,0.524148107,0.563340604,0.563539982,0.593582511,0.844191432,0.773835957
0.543599427,0.520212293,0.51908648,0.517751157,0.521214008,0.520908833,0.520628333,0.519615233,0.523529351,0.562871814,0.563423038,0.592830777,0.836888134,0.773811817
0.542913318,0.519683003,0.518573821,0.517398596,0.520607829,0.520239174,0.519867301,0.519284189,0.522435665,0.562320888,0.563177168,0.591855824,0.834236026,0.772789657
0.5416556,0.518695056,0.517521143,0.516410232,0.519711494,0.519382179,0.519005299,0.518303633,0.521890998,0.561515152,0.563054383,0.58959949,0.832059205,0.770891786
0.540815115,0.518152416,0.516783357,0.515530884,0.519085884,0.518600285,0.518123984,0.516923666,0.521722734,0.560137391,0.562670767,0.587552667,0.834532559,0.770695329
0.537791133,0.514007449,0.51223439,0.510769963,0.516090989,0.515947163,0.515737414,0.513470948,0.520962775,0.556328356,0.560383916,0.58278048,0.836113274,0.770429671
0.533241928,0.507754445,0.505637467,0.503853917,0.511572897,0.512273729,0.512985289,0.507514954,0.520422578,0.551477075,0.556192875,0.575746894,0.83798945,0.770322502
0.530420482,0.503418684,0.500808716,0.498466969,0.508780599,0.509949327,0.511258721,0.50228411,0.520516694,0.548883736,0.55478102,0.571436167,0.842977405,0.770931125
0.526548266,0.499526799,0.497232288,0.495063633,0.505322874,0.506954253,0.50862968,0.499884069,0.519999623,0.545591831,0.55212307,0.567882061,0.847163022,0.771064103
0.522302508,0.495565832,0.493463039,0.49145928,0.501036882,0.502575517,0.50409925,0.497448206,0.516707003,0.542137504,0.54796201,0.564545989,0.84726125,0.771636307
0.521113515,0.494929135,0.492749602,0.490669966,0.500392973,0.501761556,0.503135026,0.497175843,0.515102446,0.54168272,0.547252774,0.564436853,0.846197009,0.774268031
